"ArtistID","LastName","FirstName","GenderID"
"1","MacKay","William P.","1"
"2","Husband","John J.","1"
"3","Kirkpatrick","William J.","1"
"4","Crosby","Fanny J.","2"
"5","Doane","William H.","1"
"6","Howard","Alton H.","1"
"7","Stephenson","Pam","2"
"9","Draper","William Henry","1"
"10","Vaughan Williams","Ralph","1"
"11","Smith","Walter Chalmers","1"
"12","Washburne","Henry S.","1"
"13","Webb","George J.","1"
"14","Luther","Martin","1"
"15","Christmas","Charles","1"
"16","Young","Ken","1"
"17","Barbauld","Anna L.","2"
"18","Pleyel","Ignaz J.","1"
"19","Lathbury","Mary A.","2"
"20","Sherwin","William F.","1"
"21","Strasser","David (Beaker)","1"
"23","Walworth","Clarence A.","1"
"24","unknown","",""
"25","de Giardini","Felice","1"
"26","Eagan","Karen","2"
"27","Dicus","Aaron W.","1"
"28","Moen","Don","1"
"29","Lancaster","Reid","1"
"30","Havergal","Frances R.","2"
"31","Mountain","James","1"
"32","Cowper","William","1"
"33","Ravenscroft","Thomas","1"
"34","Watts","Isaac","1"
"35","Hatton","John","1"
"36","Handel","George F.","1"
"37","Schubert","Franz","1"
"38","Owens","Jimmy","1"
"39","Haydn","Franz Joseph","1"
"40","Rowlands","William P.","1"
"41","Crouch","Andraé","1"
"42","Mullins","Rich","1"
"43","Elliot","John G.","1"
"44","Prince","Nolene","2"
"45","Greco","Eugene","1"
"46","Gustafson","Gerrit","1"
"47","Smith","Michael W.","1"
"48","Conder","George W.","1"
"49","Kocher","Conrad","1"
"50","Monk","William H.","1"
"51","Bonar","Horatius","1"
"52","Hughes","John","1"
"53","Sellers","John","1"
"54","Heber","Reginald","1"
"55","Dykes","John B.","1"
"56","Matheson","George","1"
"57","Peace","Albert L.","1"
"58","Pettygrove","Todd","1"
"59","Faber","Frederick W.","1"
"61","Bowring","John","1"
"62","Baker","Henry W.","1"
"63","Coelho","Terrye","2"
"64","Dearman","Kirk","1"
"65","Watanabe","Esther","2"
"66","Skillings","Otis","1"
"67","Chisholm","Thomas O.","1"
"68","Runyan","William M.","1"
"69","Mason","Lowell","1"
"70","Wesley","Charles","1"
"71","Paris","Twila","2"
"72","Chambers","Brent","1"
"73","Sanchez, Jr.","Pete","1"
"74","O'Shields","Michael","1"
"75","Corbett","Sondra","2"
"76","Ken","Thomas","1"
"77","Pierpoint","Folliot S.","1"
"78","Smith","Henry P.","1"
"79","Rowe","James","1"
"80","Vaughan","James D.","1"
"81","Chance","Kay","2"
"82","Nystrom","Martin","1"
"83","Fitts","Bob","1"
"85","Hine","Stuart K.","1"
"86","Adkins","Donna","2"
"87","Licciardello","Carman","1"
"88","Rasasco","John","1"
"89","Brooke","Stopford A.","1"
"90","Williams","Robert","1"
"91","Roberts","John","1"
"92","Alexander","Cecil F.","2"
"93","Sanderson","Leon B.","1"
"94","Sexton","David","1"
"95","Neander","Joachim","1"
"96","Winkworth","Catherine","2"
"97","Newton","John","1"
"98","Cameron","Catherine","2"
"100","Altrogge","Mark","1"
"101","MacAlmon","Terry","1"
"102","Tunney","Dick","1"
"103","Tunney","Melodie","2"
"104","Beatty","Christopher","1"
"105","Davis","Geron","1"
"106","Jernigan","Dennis L.","1"
"107","Hedge","Frederic H.","1"
"108","Von Brethorst","Leona","2"
"109","Stowell","Hugh","1"
"110","Hastings","Thomas","1"
"111","Watson","Wayne","1"
"112","Scholtes","Peter","1"
"113","Johnston","Julia H.","2"
"114","Towner","Daniel B.","1"
"115","Lillenas","Haldor","1"
"116","Gleason","Whitey","1"
"117","Bilhorn","Peter P.","1"
"118","Beddome","Benjamin","1"
"119","Bandy","Sarah","2"
"120","Van Tine","Patricia Lynn","2"
"121","Lorenz","Edmund S.","1"
"122","Highfield","Laurene","2"
"123","Beazley","Samuel W.","1"
"124","Bessire","Amy","2"
"125","Doddridge","Philip","1"
"126","Clark","Thomas","1"
"128","Hill","Richard","1"
"129","Bergen","Esther","2"
"130","Bradbury","William B.","1"
"131","Addison","Joesph","1"
"132","Cole","John","1"
"133","Wesley","John","1"
"135","Olson","Ernst W.","1"
"137","Elvey","George J.","1"
"138","Mitchell","Hugh","1"
"139","Lehman","Frederick M.","1"
"140","Lehman Mays","Claudia","2"
"141","Campbell","John","1"
"142","Grinfield","Thomas","1"
"143","Longfellow","Samuel","1"
"144","Schnyder von Wartensee","Xaver","1"
"145","Purday","Charles H.","1"
"146","Smith","Broadus E.","1"
"147","Waring","Anna L.","2"
"148","Mendelssohn","Felix","1"
"149","Zundel","John","1"
"150","Bateman","Christian Henry","1"
"151","Evans","David","1"
"152","Grant","Robert","1"
"153","Haydn","Johann Michael","1"
"155","Rippon","John","1"
"156","Ellor","James","1"
"157","Wordsworth","Christopher","1"
"158","Beethoven","Ludwig van","1"
"159","Hodges","Edward","1"
"160","Gabriel","Charles H.","1"
"161","Wolfe","Lanny","1"
"162","Kelly","Thomas","1"
"163","Clarke","Jeremiah","1"
"164","Doherty","Dave","1"
"165","Monsell","John S. B.","1"
"166","Gaither","Gloria","2"
"167","Fettke","Tom","1"
"168","Pink","Ramon","1"
"169","Cleveland","Dennis","1"
"170","Gaither","William J.","1"
"171","Millhuff","Charles","1"
"172","Coomes","Thomas W.","1"
"173","Delavan","Macon","1"
"174","Carswell","Eddie","1"
"175","Holden","Oliver","1"
"176","Mieir","Audrey","2"
"177","McGee","Bob","1"
"178","Dix","William C.","1"
"179","Prichard","Rowland H.","1"
"180","Tuttle","Carl","1"
"181","Bullock","Geoff","1"
"182","Oliver","Gary","1"
"183","Dearman","Deby","2"
"184","Romero","Wayne","1"
"185","Taunton","Mack","1"
"186","Moody","Dave","1"
"187","Scriven","Joseph M.","1"
"188","Holmes","Oliver Wendell","1"
"189","Earnshaw","Robert H.","1"
"190","Deck","James G.","1"
"191","Holbrook","Joseph P.","1"
"192","Baker","Theodore","1"
"193","Dubois","Theodore","1"
"194","Smith","Deborah D.","2"
"195","Baker","Mary A.","2"
"196","Palmer","Horatio R.","1"
"197","Montgomery","James","1"
"198","Lockhart","Charles","1"
"199","Bridges","Matthew","1"
"201","Rambo","Dottie","2"
"202","Christensen","Chris","1"
"203","Pounds","Jessie B.","2"
"204","Jorgenson","Elmer L.","1"
"205","Rosecrans","James H.","1"
"206","Holm","Dallas","1"
"207","Wheeler","Max D.","1"
"209","Palmer","Ray","1"
"210","van Dyke","Henry","1"
"211","McKinney","Baylus B.","1"
"212","Wyrtzen","Don","1"
"213","Medley","Samuel","1"
"214","Mozart","Wolfgang Amadeus","1"
"216","Franklin","James B.","1"
"217","Threlfall","Jeannette","2"
"218","Perrin","Cathy","2"
"219","Helvering","Sandi Patti","2"
"220","Perrin","Wayne","1"
"221","Nelson","Greg","1"
"222","Farrell","Bob","1"
"223","Noland","Rory","1"
"224","Ferguson","Greg","1"
"225","Fischer","John","1"
"226","Wycuff","Charles B.","1"
"227","Holder","Joey","1"
"228","Hearn","Naida","2"
"229","Thomas","Eugene","1"
"230","Hudson","Ralph E.","1"
"231","Brock","Virgil P.","1"
"232","Brock","Blanch Kerr","2"
"233","Robinson","Robert","1"
"234","Kent","John","1"
"235","Skene","Robert","1"
"236","Kaiser","Kurt","1"
"237","Teddlie","Tillit S.","1"
"238","Mills","Pauline M.","2"
"239","Gläser","Carl G.","1"
"240","Clattenburg","Jeanie","2"
"241","Moody","Doug","1"
"242","Graham","David","1"
"243","Conty","Sophie","2"
"244","Batya","Naomi","2"
"245","Morris","Homer F.","1"
"246","Mosley","T. B.",""
"247","Stassen","Linda","2"
"248","Smith","Leonard E.","1"
"249","Meece","David","1"
"250","Gardner","Daniel","1"
"251","McHugh","Phill","1"
"252","Douglas","R. F.",""
"253","Foster","Francis","1"
"254","Morris","Blaine","1"
"255","Sutter","Lynn","2"
"256","Bannister","Brown","1"
"257","Rodgers","Dawn","2"
"258","Nelson","Jeff","1"
"259","Long","Lela B.","2"
"260","Chapman","J. Wilbur","1"
"261","Baxter","J. R.","1"
"262","Stafford","Christopher C.","1"
"263","McCheyne","Robert M.","1"
"264","Carr","Benjamin","1"
"265","Stennett","Samuel","1"
"266","Tickle","Gilbert Young","1"
"267","Havergal","William H.","1"
"270","Hoyle","Richard B.","1"
"271","Greenelsh","James","1"
"272","Greenelsh","Elizabeth","2"
"273","Hayford","Jack","1"
"274","Graafsma","Debbye","2"
"275","DeShazo","Lynn","2"
"276","Green","Keith","1"
"277","Lemmel","Helen H.","2"
"278","Vogels","Joseph","1"
"279","Walch","James A.","1"
"280","Hill","William","1"
"281","Wheeler","Tommy","1"
"282","Darwall","John","1"
"283","Driver","John M.","1"
"284","Green","Melody","2"
"286","Kendrick","Graham","1"
"287","Hunter","William","1"
"289","Stockton","John H.","1"
"290","Mason","Babbie","2"
"291","Ballinger","Bruce","1"
"293","Neale","John Mason","1"
"294","Smart","Henry T.","1"
"295","Herring","Anne","2"
"296","Allen","Chester G.","1"
"297","Caswall","Edward","1"
"298","Kilpatrick","Bob","1"
"299","Bennard","George","1"
"300","Clephane","Elizabeth C.","2"
"301","Maker","Frederick C.","1"
"302","Shaffer","M. S.",""
"303","Alexander","James W.","1"
"304","Hassler","Hans L.","1"
"305","Bach","J. S.","1"
"306","Knapp","Phoebe Palmer","2"
"307","Shepherd","Thomas","1"
"309","Walbert","William B.","1"
"310","Pace","Adger M.","1"
"311","Mercer","W. Elmo","1"
"312","Loewen","Dennis","1"
"313","Adams","Stephen R.","1"
"314","Leatherman","Lyndell","1"
"315","Ovens","William G.","1"
"316","Roberts","Gladys Westcott","2"
"317","Dalton","Marvin P.","1"
"318","Christiansen","Avis Burgenson","2"
"319","Loes","Harry D.","1"
"320","Hussey","Jennie Evelyn","2"
"321","Harris","Margaret J.","2"
"322","Tappan","William B.","1"
"323","Cottrell","Thomas","1"
"324","Kirbye","George","1"
"325","Baxter","Lydia","2"
"326","Vail","Silas J.","1"
"327","Bliss","Phillip P.","1"
"329","Gurney","John H.","1"
"330","Shaw","Knowles","1"
"331","Lowry","Robert","1"
"332","Ackley","Alfred H.","1"
"333","Perry","Owen","1"
"334","Hollis","John","1"
"335","Overholt","Ray","1"
"336","Wreford","John R.","1"
"337","Stamps","Virgil O.","1"
"338","Marsh","Charles H.","1"
"339","Redhead","Richard","1"
"340","Breck","Carrie E.","2"
"341","Tullar","Grant Colfax","1"
"342","Eaton","Chris","1"
"343","Grant","Amy","2"
"344","Leech","Bryan J.","1"
"345","Rawson","George","1"
"346","Troyte","Arthur H.","1"
"347","Wilkin","Marijohn","2"
"348","Campbell","Thomas","1"
"349","McElrath","William N.","1"
"350","Oldham","Dale","1"
"351","Douglas","Donna","2"
"352","Thum","Pam","2"
"353","Newell","William R.","1"
"354","Dailey","James G.","1"
"355","Sweney","John R.","1"
"356","Spohr","Ludwig","1"
"357","Williams","William","1"
"358","Williams","Peter","1"
"359","Irvine","Jessie S.","2"
"360","Langdon","Al","1"
"361","Zondervan","Peter J.","1"
"362","Stanphill","Ira","1"
"363","Oatman, Jr.","Johnson","1"
"364","Hugg","George C.","1"
"365","Ellerton","John","1"
"366","Scholefield","Clement C.","1"
"367","Jude","William H.","1"
"368","Sides","George W.","1"
"369","Sims","W. Allen","1"
"370","Miles","C. Austin","1"
"371","Lister","Mosie","1"
"372","Rawls","R. Maines",""
"373","Davis","Frank M.","1"
"374","Gilmore","Joseph H.","1"
"375","Shurtleff","Ernest W.","1"
"376","Brumley","Albert E.","1"
"377","Shackelford","Ken","1"
"378","Dixon","Helen Alexander","2"
"379","Everett","Asa B.","1"
"380","Slade","Mary B. C.","2"
"381","Ogden","William A.","1"
"382","Hatch","Edwin","1"
"383","Jackson","Robert","1"
"384","Orr","J. Edwin","1"
"385","McCoy","Otis L.","1"
"386","Akers","Doris","2"
"387","Iverson","Daniel","1"
"388","de Corbeil","Pierre","1"
"389","Lynch","Thomas T.","1"
"390","Huntsinger","David","1"
"391","Judson","Adoniram","1"
"392","Reed","Andrew","1"
"393","Gottschalk","Louis M.","1"
"394","Burton","John","1"
"395","Bray","Stephen","1"
"396","Ledner","Michael","1"
"397","Fillmore","James H.","1"
"398","Fawcett","John","1"
"399","Sonnenberg","Lorraine M.","2"
"400","Owens","Priscilla J.","2"
"401","Carter","R. Kelso","1"
"402","Smith","Howard E.","1"
"403","Toplady","Augustus M.","1"
"404","West","Peggy","2"
"405","Ganus","S. A.",""
"406","Martin","Civilla D.","2"
"407","Martin","W. Stillman","1"
"409","Backstrom","Carl E.","1"
"410","Hultman","John A.","1"
"411","Yates","John H.","1"
"412","Sankey","Ira D.","1"
"413","Bartlett","Eugene M.","1"
"414","Bacon","Elizabeth","2"
"415","Charlesworth","Vernon J.","1"
"416","Mabry","Gary L.","1"
"417","Hoffman","Elisha A.","1"
"418","McAfee","Cleland B.","1"
"419","Morris","Lelia N.","2"
"420","Bickersteth","Edward H.","1"
"421","Caldbeck","George T.","1"
"422","Henderson","S. J.",""
"423","O'Kane","Tullius C.","1"
"424","Smith","Oswald J.","1"
"425","Spafford","Horatio G.","1"
"426","Excell","Edwin O.","1"
"427","Hamblen","Stuart","1"
"428","Gray","James M.","1"
"429","Owen","William","1"
"430","Winner","Septimus","1"
"431","Sherman","Eliza","2"
"432","Ramsey","Will M.","1"
"433","Cary","Phoebe","2"
"434","Woodbury","Isaac B.","1"
"435","Bonar","Jane C.","2"
"436","Perkins","Theodore E.","1"
"437","Ackley","Bently D.","1"
"438","Weigle","Charles F.","1"
"439","Graeff","Frank E.","1"
"440","Hall","J. Lincoln","1"
"441","Rowley","Francis H.","1"
"442","Thomas","John E.","1"
"443","McGranahan","James","1"
"444","Ellis","Ward","1"
"445","Peterson","John W.","1"
"446","LeBlanc","Charlie","1"
"447","Conkey","Ithamar","1"
"448","Scholfield","Jack P.","1"
"449","Whittle","Daniel W.","1"
"450","Grigg","Joesph","1"
"451","Francis","Benjamin","1"
"452","Fillmore","Fred A.","1"
"453","Kethe","William","1"
"454","Steele","Anne","2"
"455","Stanley","Samuel","1"
"456","Torbett","James S.","1"
"457","Carman","Isaac N.","1"
"458","Perkins","William O.","1"
"459","Mote","Edward","1"
"460","Bathurst","William H.","1"
"461","Easterling","Marion W.","1"
"462","Rankin","Jeremiah E.","1"
"463","LeFevre","Mylon R.","1"
"464","Wright","John B. F.","1"
"465","Fry","Charles W.","1"
"466","Hays","William S.","1"
"467","Hewitt","Eliza E.","2"
"468","Rhodes","N. K.",""
"469","Pollard","Adelaide","2"
"470","Stebbins","George C.","1"
"471","Dunbar","Charles R.","1"
"472","Bode","John E.","1"
"473","Mann","Arthur H.","1"
"474","Lafferty","Karen","2"
"475","Zahn","Lula K.","2"
"476","Merrill","William P.","1"
"477","Williams","Aaron","1"
"478","Wells","James","1"
"479","Webster","George O.","1"
"480","Rose","Sylvia","2"
"481","Guirey","Ida A.","2"
"482","Entwisle","J. Howard","1"
"483","Golden","William M.","1"
"484","Jordan","Thelma M.","2"
"485","Naylor","Charles W.","1"
"486","Byers","Andrew L.","1"
"487","Harmon","Bill","1"
"488","Hicks, Jr.","Roy","1"
"489","Vale","Alliene G.","2"
"490","Miller","Rhea F.","2"
"491","Shea","George Beverly","1"
"492","Eiland","Franklin L.","1"
"493","Peck","Emory S.","1"
"494","Showalter","Anthony J.","1"
"495","Thompson","Will L.","1"
"496","Latta","Eden R.","1"
"497","Trickett","Henry R.","1"
"498","Skoog","Andrew L.","1"
"499","Ahnfelt","Oscar","1"
"500","Weaver","R. J.",""
"501","Young","George A.","1"
"502","Whithol","Austris A.","1"
"503","Hopper","Edward","1"
"504","Gould","John E.","1"
"505","Speer","G. T.","1"
"506","Coats","James B.","1"
"507","Zelley","Henry J.","1"
"508","Cook","George H.","1"
"509","Warner","Daniel S.","1"
"510","Warren","Barney E.","1"
"511","Wilson","Jennie","2"
"512","Moody","May Whittle","2"
"513","Bridgers","Luther B.","1"
"514","Buell","Harriett E.","2"
"515","Sumner","John B.","1"
"516","van de Venter","Judson W.","1"
"517","Weeden","Winfield S.","1"
"518","Bartlett","Gene","1"
"519","Wolcott","Samuel","1"
"520","Needham","John","1"
"521","Beall","B. B.","1"
"522","Bottome","Francis","1"
"523","Ufford","Edward S.","1"
"525","Miller","William","1"
"526","Owens","Carol","2"
"527","Ray","Maude Louise","2"
"528","Ashford","Emma L.","2"
"529","Brown","Mary A.","2"
"530","Stathopulo","David Allen","1"
"531","Baring-Gould","Sabine","1"
"532","Sullivan","Arthur","1"
"533","Duffield","George","1"
"534","Barrett","Mary","2"
"535","Daugherty","Leonard","1"
"536","Thomson","Mary Ann","2"
"537","Luther","Charles C.","1"
"538","Cassel","Elijah T.","1"
"539","Cassel","Flora H.","2"
"541","Fischer","William G.","1"
"542","How","William W.","1"
"543","Robinson","Wade","1"
"544","Phelps","S. Dryden","1"
"545","Liles","Dwight","1"
"546","Davison","Fannie E.","2"
"547","Lowden","C. Harold","1"
"548","Stead","Louisa M. R.","1"
"549","Keesecker","Lynn","1"
"550","Marsh","Don","1"
"551","Adams","Sarah F.","2"
"552","Snoddy","Damon C.","1"
"554","Borthwick","Jane L.","2"
"555","Sibelius","Jean","1"
"556","Burr","Dan","1"
"557","Espinosa","Eddie","1"
"558","Puryear","Michael","1"
"560","Lowell","James Russell","1"
"561","Nelson","Marc","1"
"563","von Weber","Carl Maria","1"
"564","Dennis","John W.","1"
"565","Prentiss","Elizabeth","2"
"566","Featherstone","William R.","1"
"567","Gordon","Adoniram J.","1"
"568","Gilbert","Jim","1"
"569","Gillman","Bob","1"
"570","Brown","Charles F.","1"
"571","Ray, Jr.","Mel","1"
"572","Lane","J. P.",""
"573","Carmichael","Ralph","1"
"574","Swain","Joseph","1"
"575","Lutkin","Peter C.","1"
"576","Nägeli","Johann George","1"
"577","Winsett","R. E.","1"
"578","Cushing","William O.","1"
"579","Root","George F.","1"
"580","Stone","Samuel J.","1"
"581","Wesley","Samuel S.","1"
"582","Powell","Ada","2"
"583","Taff","Russ","1"
"584","Taff","Tori","2"
"585","Hollihan","James","1"
"586","Bender","Betty","2"
"587","Hascall","Jefferson","1"
"588","Orsborn","Albert W. T.","1"
"589","Johnson","George","1"
"590","Jones","Tom M.","1"
"591","Medema","Ken","1"
"592","Turner","H. L.",""
"593","Alford","Henry","1"
"594","Longstaff","William D.","1"
"595","Wilson","Daniel M.","1"
"596","Whittier","John G.","1"
"597","Kellett","Mike","1"
"598","Hudson","Bob","1"
"599","Plumptre","Edward H.","1"
"600","Messiter","Arthur H.","1"
"601","Owens-Collins","Jamie","2"
"602","Roberts","Warren","1"
"603","Stevens","W. B.","1"
"604","Tomer","William G.","1"
"605","Hemy","Henri F.","1"
"606","Walton","James G.","1"
"607","Elliott","H. W.",""
"608","Barber","Mary A. S.","2"
"609","Porter","W. T.",""
"610","Ramsey","Benjamin M.","1"
"611","Gladden","Washington","1"
"613","Grant","David","1"
"614","Cull","Robert","1"
"615","Allen","David","1"
"616","Lane","Spencer","1"
"617","Card","Michael","1"
"618","Hews","George","1"
"619","Edmeston","James","1"
"620","George","Brantley C.","1"
"621","Arne","Thomas A.","1"
"622","Harrison","Ralph","1"
"623","Willis","Love M. W.","2"
"624","Klein","Laurie","2"
"625","Whelpton","George","1"
"627","Thompson","James O.","1"
"628","Clemm","James B. O.","1"
"629","Dixon","William","1"
"630","Dorsey","Thomas A.","1"
"631","Gay","Robert","1"
"632","Orr","Jimmy","1"
"633","Schroll","Eleanor A.","2"
"634","Monroe","Charles F.","1"
"635","Barnby","Joseph","1"
"636","Kinkel","Johanna","2"
"637","Hammond","William","1"
"638","Malan","Henri A. C.","1"
"639","Malotte","Albert Hay","1"
"640","Converse","Charles C.","1"
"641","Lyle","Robin",""
"642","Keble","John","1"
"643","Marsh","Simeon B.","1"
"644","Lyte","Henry F.","1"
"645","Bitthauer","J. G.",""
"646","Moore","Geoff","1"
"647","Chapman","Steven Curtis","1"
"648","Prynne","George R.","1"
"649","Hudson","Clarence","1"
"650","Cook","Rich","1"
"651","Camp","Steve","1"
"652","Urspringer","Steve","1"
"653","Robinson","Jay","1"
"654","Smiley","Billy","1"
"655","Gersmehl","Mark","1"
"656","Raye","Vana R.","1"
"657","Stowe","Harriet Beecher","2"
"658","Elliott","Charlotte","2"
"659","Weston","Rebecca","2"
"660","Walford","William W.","1"
"661","Whately","Richard","1"
"662","Scott","Clara H.","2"
"663","Turner","Fronie B.","2"
"664","Hawks","Annie S.","2"
"665","Ball","Diane","2"
"666","Cummings","Annie","2"
"667","Tenney","John H.","1"
"668","Fosdick","Harry E.","1"
"669","Young","Carlton R.","1"
"670","Colvin","Tom","1"
"671","Kidder","Mary A.","2"
"672","Black","James M.","1"
"673","Wilson","Emily D.","2"
"674","Westbrook","Arthur A.","1"
"675","Greeson","Charlotte","2"
"676","Presley","Luther G.","1"
"677","Jameson","Love H.","1"
"679","Parks","Joe E.","1"
"680","Hazelwood","Austin","1"
"681","Hayward","Thomas","1"
"682","Schneider","Friedrich","1"
"683","Sweatmon","Thomas R.","1"
"685","Norris","John S.","1"
"686","Bennett","Sanford F.","1"
"687","Webster","Joseph P.","1"
"688","Thomas","Alexcenah","2"
"689","Arnold","Robert S.","1"
"690","Bridgewater","Cordie","2"
"691","Bland","Andy P.","1"
"692","Evilsizer","Ruth Adalyn","2"
"693","Ingalls","Jeremiah","1"
"695","McIntosh","Rigdon M.","1"
"696","Clements","John R.","1"
"697","Danks","Hart P.","1"
"698","Fearis","J. S.","1"
"699","Stites","Edgar P.","1"
"700","Henson","John M.","1"
"701","Barraclough","Henry","1"
"702","White","Noah","1"
"703","Urhan","Chrétien","1"
"704","Jones","Lewis E.","1"
"705","Atchinson","Jonathan B.","1"
"706","Moore","John M.","1"
"707","Sammis","John H.","1"
"708","Hill","Jim","1"
"709","Sleeper","William T.","1"
"710","Hall","Elvina M.","2"
"711","Grape","John T.","1"
"712","Hartsough","Lewis","1"
"713","Simpson","Albert B.","1"
"714","Cline","C. C.","1"
"715","Stevens","Marsha J.","2"
"716","Belden","Franklin E.","1"
"718","Bevan","Emma F.","2"
"719","Reed","Eliza H.","2"
"720","Bushey","J. Calvin","1"
"721","Lakey","William F.","1"
"722","Ellis","Vep B.","1"
"724","Robinson","James","1"
"725","Moody","Charles E.","1"
"726","Hartsough","Palmer","1"
"727","Croft","Colbert","1"
"728","Croft","Joyce","2"
"729","Moore","Thomas","1"
"730","Webbe","Samuel","1"
"731","Jenkins","Andrew","1"
"732","Spain","M. L.",""
"733","Thacker","G. A.",""
"734","Acuff","James W.","1"
"735","Evridge","William D.","1"
"736","Derricks","Cleavant","1"
"737","Alwood","Josiah K.","1"
"738","Tindley","Charles A.","1"
"739","Johnson","Erastus","1"
"740","Babcock","Maltbie D.","1"
"741","Sheppard","Franklin L.","1"
"744","Sears","Edmund H.","1"
"745","Willis","Richard S.","1"
"746","Brooks","Phillips","1"
"747","Redner","Lewis H.","1"
"749","Oakeley","Frederick","1"
"750","Cummings","William H.","1"
"751","Chadwick","James","1"
"753","Young","John F.",""
"754","Gruber","Franz X.","1"
"755","Tate","Nahum","1"
"756","Wilson","Hugh","1"
"757","Boyce","R. Fisher","1"
"758","Morrison","John","1"
"759","Bates","Katharine L.","2"
"760","Ward","Samuel A.","1"
"761","Howe","Julia W.","2"
"762","Pitts","William S.","1"
"763","Warner","Anna B.","2"
"764","Murray","James R.","1"
"765","Moran","Jim","1"
"766","Whiting","William","1"
"767","Spencer","Robert N.","1"
"768","Smith","Samuel F.","1"
"769","Roberts","Daniel C.","1"
"770","Warren","George W.","1"
"771","Dwight","John S.","1"
"772","Adam","Adolphe C.","1"
"774","Cumnock","Ben","1"
"775","Mackay","Margaret","2"
"776","Karnes","J. B.","2"
"777","Luttrell","Clarence A.","1"
"778","Cravens","Rupert","1"
"779","Pollock","Charles E.","1"
"780","Ferrill","James W.","1"
"781","Newell","Laura E.","2"
"782","Ramsey","G. H.",""
"783","Tennyson","Alfred Lord","1"
"784","Roberts","Frank E.","1"
"786","Hofford","M. Lowrie","1"
"787","Millard","Harrison","1"
"788","Clarke","Harry D.","1"
"789","Howard","Verna E.","1"
"790","Brown","Lowell","1"
"791","Pollard","Josephine","2"
"792","Allphin","Newton W.","1"
"793","Clark","William H.","1"
"794","Ogdon","Ina M. D.","2"
"795","Minor","George","1"
"796","Sheppard","John H.","1"
"797","Battersby","C. Maude","2"
"798","Packard","E. H.",""
"799","Taylor","Austin","1"
"800","Pollock","Thomas B.","1"
"801","Gower","John H.","1"
"802","McAulay","Neil A.","1"
"803","Golden","William L.","1"
"804","Suffield","Kitty L.","2"
"805","McCaleb","John M.","1"
"806","Beveridge","Christine S.","2"
"807","Fossett","Vernie O.","1"
"808","Lynn","Claude T.","1"
"809","Cornell","W. D.","1"
"810","Cooper","W. G.","1"
"811","Floyd","E. Greer","2"
"813","Finley","Gene C.","1"
"814","Baggett","George E.","1"
"815","Moates","Lassie T.",""
"816","Rowland","Brown","1"
"817","Green","Roland","1"
"818","Rosemon","Mabel J.","2"
"819","Hodge","Arthur J.","1"
"820","Daniel","Wesley H.","1"
"821","Marsh","J. E.",""
"822","Boring","Holland L.",""
"823","Bailey","Charles T.","1"
"824","Whitworth","Byron L.","1"
"825","Servoss","Mary E.","2"
"826","Greer","J. M.",""
"827","Cobb","T. B.",""
"828","Harris","Roy","1"
"829","Johnson","C. T.",""
"830","Tyner","Bill","1"
"831","Clevenger, Jr.","Ernest","1"
"832","Clevenger","Dale","1"
"833","Douthitt","Cecil",""
"834","Davis","Marion",""
"835","Connel","Bob","1"
"836","Thomas","J. I.",""
"837","Cluff","S. O'Maley","1"
"838","Moore","James C.","1"
"839","White","F. A. F.","2"
"840","Jones","Mark M.","1"
"841","Dwight","Timothy","1"
"842","Baltzell","Isaiah","1"
"843","Poole","William C.","1"
"844","Hagan","James M.","1"
"845","Whitfield","Frederick","1"
"846","Winningham","George W.","1"
"847","Brister","Ira D.","1"
"848","Kelley","Elbert","1"
"849","Rounsefell","Carrie E.","2"
"850","Reed","Samuel E.","1"
"851","Gaines","James W.","1"
"852","Laney","Thomas J.","1"
"853","Huston","Frank C.","1"
"854","Martin","Joseph H.","1"
"855","Dean","Emmett S.","1"
"856","Ramsey","Thomas","1"
"857","Durham","Charles E.","1"
"858","Newman","John H.","1"
"859","Langston","Rodney","1"
"860","Eagle","H. M.","1"
"861","Epps","Paul H.","1"
"862","Arnold","Robert E.","1"
"863","Williams","Clyde","1"
"864","Dixon","Robert W.","1"
"865","Huffstutler","Leonard D.","1"
"866","Porter","Rue","1"
"867","Slater","Will W.","1"
"868","Smyth","Harper G.","1"
"869","Leeson","Jane E.","2"
"871","M.","H. P.",""
"873","Flint","Annie J.","2"
"874","Dailey","J. Harvey",""
"875","Powell","Joseph P.","1"
"876","Clark","F. A.",""
"877","Schoate","Joesph E.","1"
"878","Blackstone","John D.","1"
"879","Shelton","Thomas J.","1"
"882","Cornelius","Rufus Henry","1"
"883","Huntington","D. W. C.","1"
"884","DeArmond","Lizzie","2"
"885","Neal","Tom C.","1"
"886","Baird","Ernest C.","1"
"887","Blaker","J. C.",""
"888","Tillman","Charles D.","1"
"891","Shamblin","Wayne","1"
"892","Wheeler","Palmer E.","1"
"893","Smith","Alfred B.","1"
"894","Shindler","Mary Dana","2"
"895","McDaniel","Rufus H.","1"
"897","McClung","John A.","1"
"898","Jeffcoat","William D.","1"
"899","Davis","Benny","1"
"900","Carruth","Roy","1"
"901","Crum","Ellis J.","1"
"902","Booth","Ballington","1"
"903","Gilmour","Henry L.","1"
"904","Moore","George D.","1"
"905","Marks","William E.","1"
"907","Ingler","Arthur F.","1"
"908","Heffin","Edith Harris","2"
"910","Hartzler","Henry B.","1"
"911","Sargent","N. B.",""
"912","Welsh","J. W.",""
"913","Campbell","R. E.",""
"914","Rexford","Eben E.","1"
"915","Ussery","Mark D.","1"
"916","Brightwell","W. E.",""
"917","de Marbelle","Dion","1"
"919","Powell","R. L.",""
"920","Cundiff","O. H.",""
"921","Foote","John G.","1"
"922","Stanton","Melvin","1"
"923","Beall","J. Guy","1"
"924","Leslie","Jackson","1"
"925","McConnell","J. Edwin","1"
"926","Harkness","Robert","1"
"927","Denton","J. P.",""
"928","Bacon","Wilkin","1"
"929","Sawyer","Caroline","2"
"930","Hatchett","Pearl","2"
"931","Hawes","James E.","1"
"932","McDonald","William","1"
"933","Cooper","William Oliver","1"
"934","Jones","Minzo C.",""
"935","Nusbaum","Cyrus S.","1"
"936","Stanley","James H.","1"
"937","Spencer","M. W.",""
"938","Nicholson","James L.","1"
"939","Bailey","Elbert L.","1"
"940","Dortch","David E.","1"
"941","Case","Charles C.","1"
"942","Herbert","John B.","1"
"943","Witter","Will E.","1"
"944","Kremser","Edward","1"
"948","Blatchford","Ambrose N.","1"
"949","Hull","Asa","1"
"950","Ryder","Thomas","1"
"951","Blackall","C. R.","1"
"952","Hart","Joseph","1"
"953","Rousseau","Jean-Jacques","1"
"954","Morris","Robert","1"
"955","Habershon","Ada R.","2"
"956","Williams","C. C.",""
"957","Fitch","James","1"
"959","Dadmun","J. W.","1"
"960","Henry","Sarepta M. I.","2"
"961","Gates","Ellen M. H.","2"
"962","Phillips","Philip","1"
"963","Small","James G.","1"
"964","Stroud","W. S.","2"
"965","Hall","Flavil","1"
"966","Hasty","Emerson E.","1"
"967","Houghton","Will H.","1"
"968","Loveless","Wendell P.","1"
"969","Chant","Laura O. D.","2"
"970","Codner","Elizabeth","2"
"971","Nelson","David","1"
"972","Brewer","Jules E.","1"
"973","Cornelius","Maxwell N.","1"
"974","Painter","J. H.",""
"975","Weinland","M. M.","2"
"976","Hibbard","S.",""
"977","Booth","Herbert H.","1"
"978","Cummins","James J.","1"
"979","Hastings","Horace L.","1"
"980","Rice","Elihu S.","1"
"981","Pierce","J. M.",""
"982","Oakley","Emily S.","2"
"983","Martin","S. Wesley","1"
"984","Pierson","Harriett H.","2"
"985","Martin","William C.","1"
"986","Murch","James D.","1"
"987","Morton","Henry P.","1"
"988","Roberts","E.",""
"989","Cooper","George","1"
"990","Penn","William E.","1"
"991","Voke","Leonard C.","1"
"992","Elliot","Emily S.","2"
"993","Rodeheaver","Homer A.","1"
"994","Spencer","William A.","1"
"996","Anderson","J. H.",""
"997","Rock","William W.","1"
"998","Schuler","",""
"999","Carson","D. C.",""
"1000","Burke","J. H.","1"
"1001","James","Mary D.","2"
"1002","Shrubsole","William","1"
"1003","Tallis","Thomas","1"
"1004","Lowry","Joseph C.","1"
"1005","Doane","William C.","1"
"1006","Jeffery","J. Albert","1"
"1007","Bourgeois","Louis","1"
"1009","Twells","Henry","1"
"1010","Mason","Timothy B.","1"
"1011","Barthélemon","François H.","1"
"1013","Hodges","John S. B.","1"
"1015","Gauntlett","Henry J.","1"
"1016","Cennick","John","1"
"1017","Lucas","James","1"
"1018","Haweis","Thomas","1"
"1020","Boyd","William","1"
"1021","Doane","George W.","1"
"1022","Calkin","John B.","1"
"1023","Greatorex","Henry W.","1"
"1024","Tourjée","Lizzie S.","2"
"1025","Wardlaw","Ralph","1"
"1026","Knapp","William","1"
"1027","Kingsley","George","1"
"1028","March","Daniel","1"
"1029","Main","Hubert P.","1"
"1030","Burder","George","1"
"1031","Bolman","Hattie M.","2"
"1032","Mainzer","Joseph","1"
"1033","Milton","John","1"
"1034","Gardiner","William","1"
"1035","Croft","William","1"
"1036","Reinagle","Alexander R.","1"
"1037","Harding","L. K.",""
"1038","Auber","Harriet","2"
"1039","Hopkins","Edward J.","1"
"1041","Dexter","Henry M.","1"
"1042","Bunnett","Edward","1"
"1043","Stevenson","John A.","1"
"1045","Olivers","Thomas","1"
"1046","Lyon","Meyer","1"
"1047","Cutler","Henry S.","1"
"1048","Walmsley","Robert","1"
"1049","Rinck","Christian H.","1"
"1050","Marriott","John","1"
"1052","Bortnianski","Dmitri S.","1"
"1053","Miller","Edward","1"
"1054","Lee","Frederick G.","1"
"1055","Montani","Nicola A.","1"
"1056","North","Frank M.","1"
"1057","Draper","Bourne H.","1"
"1058","Zeuner","H. Charles","1"
"1059","Payne","John H.","1"
"1060","Bishop","Henry R.","1"
"1061","Cox","Christopher C.","1"
"1062","Boggess","Carey","1"
"1063","Maxwell","Richard E.","1"
"1064","Talbot","Nellie","2"
"1065","Ebeling","Johann","1"
"1066","Ellsworth","Nettie D.",""
"1067","Banacroft","Anne","2"
"1068","Luke","Jemima","2"
"1069","Englebrecht","J. C.",""
"1070","Bateman","Lucinda M.","2"
"1071","Lanman","Clifford R.","1"
"1072","Tucker","Henry","1"
"1073","Coombs","J. V.","2"
"1074","Kurfees","Marshall C.","1"
"1075","Hopkins","Alex C.","1"
"1076","Childress","James H.","1"
"1077","Taylor","B. M.",""
"1078","Hunter","Floyd E.","1"
"1079","Richards","T. G.",""
"1080","Walter","Howard A.","1"
"1081","Peek","Joseph Y.","1"
"1082","Minter","K. C.",""
"1083","Davis","J. W.",""
"1084","Elliott","A. H.",""
"1085","Graham","Joanne R.","2"
"1086","Williams","J. E.",""
"1087","Sims","B. F.",""
"1088","M.","H. F.",""
"1089","Grose","Howard B.","1"
"1090","Barnard","Charlotte A.","2"
"1091","Bowman","J. M.","1"
"1092","Hackleman","W. E. M.","1"
"1093","Hicks","John B.","1"
"1094","Sewell","Hampton H.","1"
"1095","Gordon","Leonard A.","1"
"1096","Barton","Bernard","1"
"1097","Register","L. B.",""
"1098","Bledsoe","D. L.",""
"1099","Tindley, Jr.","Charles A.","1"
"1100","McCann","Berdell",""
"1101","Speer","Rosa N.","2"
"1102","Rodgers","Loula","2"
"1103","Porter","Roy W.","1"
"1104","McCormack","C. T.",""
"1105","Roush","Frank E.","1"
"1106","Sturgis","J. E.",""
"1107","Darwood","William M.","1"
"1108","Waldrop","William B.","1"
"1109","Robinson","E. H.","2"
"1110","Brostrom","Bernice M.","2"
"1111","Goodman","Claude","1"
"1112","McPhail","M. L.",""
"1113","Kurzenknabe","John H.","1"
"1114","Bellamy","W. H.",""
"1115","Lucas","Daniel R.","1"
"1116","Williams","Morgan",""
"1117","Gill","George","1"
"1118","Vaughan","John B.","1"
"1119","Buffum","Herbert","1"
"1120","Pannell","Joe H.","1"
"1121","Miller","Jim","1"
"1122","Osborn","Elsie","2"
"1123","Osborn","Jack","1"
"1124","Hunter","J. M.","2"
"1125","Ambrester","Charles W.","1"
"1126","Combs","Lonnie B.",""
"1127","Spurgin","Robert","1"
"1128","Robinson","D. T.",""
"1129","Barratt","Alfred","1"
"1130","Rowden","Beulah","2"
"1131","Daugherty","E. Sexton",""
"1132","Zerr","Edward M.","1"
"1133","Chapman","Angie I. P.","2"
"1134","Powell","Charles H.","1"
"1135","Campbell","Lucie E.","2"
"1136","Vaughan","Charles W.","1"
"1137","Stafford","Fannie E.","2"
"1138","Moad","Bert","1"
"1139","Wright","G. E.",""
"1141","Hamilton","J. E.",""
"1142","Pritchard","Vernie","2"
"1143","Roberson","D. A.",""
"1144","Lyon","George W.","1"
"1145","Bell","Birdie","2"
"1146","Perkins","Henry S.","1"
"1147","Williams","Curtis J.","1"
"1148","Berry","F. J.",""
"1149","Carr","J. H.","1"
"1150","Harris","Thoro","1"
"1151","Roth","Elton M.","1"
"1152","Horton","Alice","2"
"1153","Ruark","J. Edward","1"
"1155","Findlater","Sarah B.","2"
"1156","Slaughenhaupt","J. Wenhaupt","1"
"1157","Higgins","W. Lee","1"
"1158","Norton","Nathaniel","1"
"1159","Washington","W. S.",""
"1160","Maynard","Neil","1"
"1161","McCrossan","Donald S.","1"
"1162","King","Homer L.","1"
"1163","Smith","M. Lynwood","1"
"1164","Turrall","Enrique S.","1"
"1165","Velasco","Epigmenio","1"
"1166","Mendoza","Vicente","1"
"1168","Belén","Estrella de",""
"1169","Westrup","Thomas M.","1"
"1170","Cabrera","Juan B.","1"
"1171","Garza-Mora","Leandro","1"
"1172","Iriarte","Pedro Castro","1"
"1173","Treat","Ricardo G.","1"
"1174","Salas","A. R.",""
"1175","Athans","Speros D.","1"
"1176","Jackson","H. G.","1"
"1178","Meineke","Charles","1"
"1179","Clifford","Jaime",""
"1180","Grado","Pedro","1"
"1181","Thompson","Henry C.","1"
"1182","Cruellas","S.","1"
"1183","Ball","Henry C.","1"
"1185","Mercado","J. J.",""
"1186","Montfort","Diaz E. A.",""
"1189","González Carvajal","Tomás J.","1"
"1191","D.","F. F.",""
"1192","Fernández","Abraham","1"
"1193","Balderas","Isabel P.","2"
"1194","González","M.",""
"1195","Soto","Emeterio","1"
"1197","Goldsmith","Peter H.","1"
"1199","Cragin","Howard W.","1"
"1200","Benson","John T.","1"
"1201","Martínez de la Rosa","Francisco","1"
"1203","de los Santos","Juan N.","1"
"1204","Simmonds","George P.","1"
"1206","Fliedner","Federico","1"
"1207","Barocio","Ernesto","1"
"1208","Bischoff","John W.","1"
"1209","Hall","Daniel","1"
"1210","Johns","W.",""
"1211","Hotton","Arturo W.","1"
"1212","Mata","D. A.",""
"1213","Rodríguez","E.",""
"1215","Bermea","Carlos","1"
"1217","Prather","S. H.",""
"1218","Garcia","Tomás","1"
"1219","Tórrez","Arturo","1"
"1220","Gómez","Rafael M.","1"
"1221","Martínez","Nicolás","1"
"1222","González","Pedro A.","1"
"1223","Mejia G.","Armando","1"
"1224","Ramírez","Josue","1"
"1225","Arroyo S.","Miguel A.","1"
"1226","de Hall","Sara M.","2"
"1227","Midlane","Albert","1"
"1228","Slaughter","Henry","1"
"1229","Deaton","Otis","1"
"1230","Edmiaston","Bernard B.","1"
"1231","Cotton","J. T.",""
"1232","Hess","Fred","1"
"1233","Isaac","Heinrich","1"
"1235","Fritsch","Ahasuerus","1"
"1236","Cottman","Arthur","1"
"1238","Bridges","Robert S.","1"
"1239","Crüger","Johann","1"
"1240","Pond","Sylvanus B.","1"
"1242","Teschner","Melchior","1"
"1245","Hull","Eleanor","2"
"1246","Hildebrand","Ephraim T.","1"
"1248","Døving","Carl","1"
"1249","Lindeman","Ludvig M.","1"
"1250","Briggs","George W.","1"
"1251","Wren","Brian","1"
"1253","Green","Joseph F.","1"
"1254","White","Jesse T.","1"
"1256","Goudimel","Claude","1"
"1257","Walton","George W.","1"
"1259","Dearmer","Percy","1"
"1260","Nicholson","Sydney H.","1"
"1261","Foster","Frederick W.","1"
"1262","Miller","John","1"
"1263","Witt","Christian F.","1"
"1264","Chorley","Henry F.","1"
"1265","Lvov","Alexei F.","1"
"1266","Williams","Thomas J.","1"
"1267","Ware","Henry","1"
"1268","Wells","Marcus M.","1"
"1269","Moore","Gerald","1"
"1270","VanDyke","Richard E.","1"
"1271","Reynolds","William J.","1"
"1272","Neumark","Georg","1"
"1273","Wallace","William V.","1"
"1274","Burnap","Uzziah C.","1"
"1275","Dunkerley","William A.","1"
"1276","Boyd","Jack","1"
"1278","McCann","Forrest M.","1"
"1279","Davis","Bill W.","1"
"1281","Chatfield","Allen W.","1"
"1283","Heath","J. L.","1"
"1284","Ritchie","Edward","1"
"1285","Blankenship","Mark","1"
"1286","Heath","George","1"
"1287","Beach","Curtis","1"
"1288","Lockwood","Charlotte M.","2"
"1289","Tuttiett","Lawrence","1"
"1290","Schumann","Robert A.","1"
"1292","MacGregor","Duncan","1"
"1293","Greene","Michael R.","1"
"1294","Bowie","Walter R.","1"
"1295","Coffin","Henry Sloan","1"
"1296","Helmore","Thomas","1"
"1297","Gurney","Dorothy F. B.","2"
"1298","Autry","Philip E.","1"
"1299","Goss","John","1"
"1300","Sanders","Phillip W.","1"
"1301","Walter","William H.","1"
"1302","Croly","George","1"
"1303","Atkinson","Frederick C.","1"
"1304","Martin","Lutie F.",""
"1305","Horsley","William","1"
"1306","Malde","Mary F. H.","2"
"1307","Campbell","Alexander","1"
"1308","Braun","Johann G.","1"
"1309","Jackson","Thomas A.","1"
"1311","Campbell","Jane M.","2"
"1312","Stevens","Roy J.","1"
"1313","Cory","Julia C.","2"
"1314","Westendorf","Omer","1"
"1316","Hunsacker","A. O.",""
"1317","Ryder","Dennis","1"
"1318","Shepard","Dane K.","1"
"1319","Simpson","Larry","1"
"1320","Stallings","John","1"
"1322","Farjeon","Eleanor","2"
"1323","Wiegand","John P.","1"
"1324","Garrett","Les","1"
"1325","Pate","James A.","2"
"1326","Harris","Don","1"
"1327","Dudley-Smith","Timothy","1"
"1328","Wilson","David G.","1"
"1329","Tredinnick","Noel","1"
"1330","Bland Tucker","Francis","1"
"1331","Miller","Max","1"
"1332","Chapin","Tom","1"
"1333","Mills","Jim","1"
"1334","Dalton","Valerie","2"
"1335","Dalton","Don","1"
"1336","Lloyd","Eva B.","2"
"1337","White","Benjamin F.","1"
"1338","Wood","James H.","1"
"1339","Herklots","Rosamond E.","2"
"1340","Knight","Gerald H.","1"
"1341","Green","Fred P.","1"
"1342","Vajda","Jaroslav J.","1"
"1343","Schalk","Carl F.","1"
"1344","Dyer","Sharon S.","2"
"1345","Gregg","Danny","1"
"1346","Trammell","T. Mark","1"
"1347","Bledsoe","Darrell","1"
"1349","King","Gary M.","1"
"1350","Damon","Daniel C.","1"
"1351","Churchill","Wendy","2"
"1352","McSpadden","Gary","1"
"1353","Founds","Rick","1"
"1354","Baughen","Michael","1"
"1356","Green","Harold","1"
"1357","Duck","Ruth C.","2"
"1358","Slater","David N.","1"
"1359","Sands","Ernest","1"
"1360","Hawthorne","Grace","2"
"1361","Troeger","Thomas H.","1"
"1362","McNair","Jonathan","1"
"1363","Mehrtens","Frederik A.","1"
"1364","Harris","Randall J.","1"
"1365","Rhodes","Stephen","1"
"1367","Scott","Sam O.","1"
"1368","Thomas","Randy","1"
"1369","Cárdenas","Casiodoro","1"
"1370","Witt","Marcos","1"
"1371","Pagura","Federico","1"
"1372","Blycker","Philip W.","1"
"1373","Celebremos","Comité de",""
"1374","del Monte","Brus","1"
"1376","Badillo","Pablo F.","1"
"1377","Walker","Wimon","1"
"1378","Gabaráin","Cesáreo","1"
"1379","Sambrano","Héctor","1"
"1380","Rosas","Carlos","1"
"1381","Archer","Tim","1"
"1382","Savage","Robert C.","1"
"1383","Yupanqui","José Juan N.","1"
"1384","Cuéllar","Guillermo","1"
"1385","Zschech","Darlene","2"
"1386","Brown","Drew",""
"1387","Isáis","Juan M.","1"
"1388","Girodo","Helgir",""
"1389","Clatterbuck","Robert C.","1"
"1390","Lehenbauer","Albert","1"
"1391","Sywulka","Esteban","1"
"1392","Aguilera","Israel","1"
"1393","Cisneros","David P.","1"
"1394","Hanby","Benjamin R.","1"
"1397","de Naylor","Effie Chastain",""
"1398","Hopkins","John H.","1"
"1399","Gómez","Mirta","2"
"1400","Cuvilla","Silvia","2"
"1402","Grullón","Rafael D.","1"
"1405","Catena","Osvaldo","1"
"1406","Meredith","Isaac H.","1"
"1408","Martínez","Lydia S.","2"
"1409","Soltero","Anna M. Nañez","2"
"1410","Giménez","Rubén","1"
"1411","Galeano","Raúl","1"
"1412","Brown","Robert","1"
"1413","Espinosa","Juan A.","1"
"1414","Speaks","T. W.",""
"1415","Villanueva","Benjamin","1"
"1416","Sosa","Pablo D.","1"
"1419","Lescano","Mirta","2"
"1420","Savage","Wilda","2"
"1421","Chajes","Julius","1"
"1422","Starks","Norman L.","1"
"1423","Himitián","Jorge","1"
"1424","Zarazaga","Eduardo","1"
"1425","de Balloch","Juanita R.","2"
"1426","Fink","Gottfried W.","1"
"1427","de Rodríguez","G.",""
"1428","Blue","Ronaldo","1"
"1429","Gómez","Estela","2"
"1430","Omley","Ann","2"
"1431","Evans","Rob","1"
"1432","Burrowes","John F.","1"
"1433","Ward","R. C.","1"
"1434","Stevens","Texas H.","1"
"1436","Kinsey","John F.","1"
"1437","Chord","S. H.",""
"1438","Mace","Frances L.","2"
"1439","Wilder","Solon",""
"1440","Sandlin","Morris E.","1"
"1441","Blake","William B.","1"
"1442","Tester","George","1"
"1443","Fogg","F. W.",""
"1444","Jones","Charles P.","1"
"1445","Dean","D. A.","2"
"1446","Cobb","Abner P.","1"
"1447","Jones","Ruth C.","2"
"1448","En.","D. K.",""
"1449","Russell","H. R.",""
"1451","Strattner","Georg C.","1"
"1452","Dean","Margaret B.","2"
"1453","Gounod","Charles F.","1"
"1454","Edson","Lewis","1"
"1455","Willis","W. S.",""
"1456","Carter","Edmund S.","1"
"1457","Bacon","John D.","1"
"1458","Gaul","Alfred R.","1"
"1459","Wilson","L. R.",""
"1460","Conder","Josiah","1"
"1461","Giffe","William T.","1"
"1462","Bearden","James","2"
"1463","Gill","Randy","1"
"1464","Wyse","Eric","1"
"1465","Thomas","Brandon Scott","1"
"1466","Rathbun","Sheryl","2"
"1467","Randolph","Brian","1"
"1468","Maxwell","Bill","1"
"1469","Butler","Terry","1"
"1470","Butler","D. J.","2"
"1471","Holcomb","Steve","1"
"1472","Wolaver","Bill","1"
"1473","Chisum","John","1"
"1474","Hopson","Hal H.","1"
"1475","Carpenter","Kelly","1"
"1476","ZOE Singers","",""
"1477","Townend","Stuart","1"
"1478","Ruis","David","1"
"1479","Davis","Chris","1"
"1480","Boerner","Connie","2"
"1481","Vest","Jonathan","1"
"1482","Hahn","Rendi","2"
"1483","Musseau","Craig","1"
"1484","Smith","Robin L.",""
"1485","Brown","Scott W.","1"
"1486","Keaggy","Cheri","2"
"1487","Howard","Adrian","1"
"1488","Turner","Pat",""
"1489","Gordon","Nancy N.","2"
"1490","Harvill","Jamie","1"
"1491","Sadler","Gary","1"
"1492","Morgan","Reuben","1"
"1493","Price","Bobby","1"
"1494","Searcy","George","1"
"1495","Park","Andy","1"
"1496","LeBlanc","Lenny","1"
"1497","Smith","Martin","1"
"1498","Still","Rob","1"
"1499","Baloche","Rita","2"
"1500","Baloche","Paul","1"
"1501","Foote","Billy J.","1"
"1502","McEwan","Steve","1"
"1503","Keener","Molly","2"
"1504","Dorman","Debbie","2"
"1506","Thomas","Sheryl","2"
"1507","Cooley","Lindell","1"
"1508","Haynes","Bruce","1"
"1509","Hampton","David B.","1"
"1510","Berry","Jeff","1"
"1511","Brown","Brenton","1"
"1512","Fragar","Russell","1"
"1513","Smith","Brad","1"
"1514","Huesmann","Matt","1"
"1515","Cunningham","Grant","1"
"1516","Cox","Clarissa A.","2"
"1517","Walker","Tommy","1"
"1518","Hughes","Tim","1"
"1519","Bancroft","Charitie L.","2"
"1520","Cook","Vikki","2"
"1521","Smith","Eddie","1"
"1522","Harrison","Jason","1"
"1523","Sasser","Darrin","1"
"1524","Christian","Ryan","1"
"1525","Ulugia","Andrew","1"
"1526","Mark","Robin","1"
"1527","Mohr","Jon","1"
"1528","Groves","Sara","2"
"1529","Moore","Joshua","1"
"1530","Imboden","Marc","1"
"1531","Rhoton","Tammi","2"
"1532","Doerksen","Brian","1"
"1533","Tomlin","Chris","1"
"1534","Cash","Ed","1"
"1535","Reeves","Jesse","1"
"1536","Getty","Keith","1"
"1537","Bulls","D. J.","1"
"1538","Long","Kip","1"
"1539","Horne","Charles S.","1"
"1540","Craig","Shawn","1"
"1541","Lusk","Michael","1"
"1542","Packiam","Glenn","1"
"1543","Beck","Joe","1"
"1544","Willis","Wendy","2"
"1545","Redman","Matt","1"
"1546","Avery","Brad","1"
"1547","Powell","Mac","1"
"1548","Lee","Mark D.","1"
"1549","Anderson","Tai","1"
"1550","Carr","David","1"
"1551","Getty","Kristyn","2"
"1552","Slayton","Michael","1"
"1553","McClung","Paul","1"
"1554","Brennan","Maire","2"
"1555","Ingram","Jason","1"
"1556","Rutledge","Brett","1"
"1557","Moffitt","David","1"
"1558","Baroni","David","1"
"1559","Mooring","Leeland","1"
"1560","Rowe","George","1"
"1561","Pardo","Jeff","1"
"1562","Riley","Ken","1"
"1563","Thompson","John","1"
"1564","Organ","Philip","1"
"1565","Hall","Mark","1"
"1566","Walt","J. D.",""
"1568","Foote","Cindy","2"
"1569","Cottrell","Travis","1"
"1570","Houghton","Israel","1"
"1571","Redman","Beth","2"
"1572","Wilson","Peter","1"
"1573","Houston","Joel","1"
"1574","Carson","Daniel","1"
"1575","Gilder","Matt","1"
"1576","Nunn","Travis","1"
"1577","Harland","Mike","1"
"1578","Brewster","Lincoln","1"
"1579","Fielding","Ben","1"
"1580","Boyd","Aaron","1"
"1581","Comfort","Peter","1"
"1582","Bleakley","Richard","1"
"1583","Kernaghan","Peter","1"
"1584","McCann","Andrew","1"
"1585","Jordan","Ian","1"
"1586","Ligertwood","Brooke","2"
"1587","Jackson","Kennie","1"
"1588","Johnson","Jeremy","1"
"1589","Stanfill","Kristian","1"
"1590","Riddle","Jennie Lee","2"
"1591","Jobe","Kari","2"
"1592","Coffman","Shane","1"
"1593","Bruce","Gary","1"
"1594","Anderson","Jared","1"
"1595","Fee","Steve","1"
"1596","Lindsey","Chris","1"
"1597","Giglio","Louis","1"
"1598","Maher","Matt","1"
"1599","Myrin","Jonas","1"
"1600","Wanstall","Tim","1"
"1601","Fieldes","Mia","2"
"1602","Egan","Jon","1"
"1603","Neale","Michael","1"
"1604","Nordhoff","Krissy","2"
"1608","Hammontree","Homer","1"
"1611","Thomas","Donn","1"
"1612","Williams","Charles","1"
"1613","Zhigulin","Konstantin","1"
"1614","Matteson","Jeff","1"
"1615","Stainer","John","1"
"1616","Shaw","Martin","1"
"1617","Tackett","James W.","1"
"1618","Kauflin","Bob","1"
"1619","Witcher","Mel","1"
"1620","Marlatt","Earl","1"
"1621","Mason","Harry S.","1"
"1622","Shipp","Mark","1"
"1624","Kennedy","Benjamin H.","1"
"1625","Lancaster","Keith","1"
"1626","Matteson","Jess",""
"1627","Lewis","Wayne","1"
"1628","Barnett","Marie","2"
"1629","Atkins","George","1"
"1630","Parker","Edwin P.","1"
"1631","Williams","Rona Mae","2"
"1632","Foster","T. E.",""
"1633","Hill","Jason","1"
"1634","Dalzell","Dick","1"
"1635","Stone","Barton W.","1"
"1636","Costa","Ivan","1"
"1637","Cloninger","Claire","2"
"1638","Lynch","Mac","1"
"1639","Robinson","C. M.",""
"1640","Hunter","John","1"
"1641","Thompson","John W.","1"
"1642","Boltz","Ray","1"
"1643","Millikan","Steve","1"
"1644","Blanchard","Richard","1"
"1645","Cook","Joseph S.","1"
"1646","Dunlop","Merrill","1"
"1647","Dempsey","Larry","1"
"1648","Oliver","Henry K.","1"
"1649","Young","John W.","1"
"1650","Nunley","Louis D.","1"
"1651","Cook","Steve","1"
"1652","Whitefield","George","1"
"1653","Balusek","Melissa","2"
"1654","Allen","Duane","1"
"1655","Powell","Sager","1"
"1656","Groves","Kandela",""
"1657","Sanderson","Lloyd O.","1"
"1658","Kaan","Fred","1"
"1659","Beck","John N.","1"
"1660","Hoyt","May P.",""
"1661","Tackett","Michael","1"
"1662","Chaney","Walter H.","1"
"1663","Barnett","John","1"
"1664","Turner","Geraldine","2"
"1665","Sleeth","Natalie","2"
"1666","Thomerson","Kathleen","2"
"1667","Smith","William F.","1"
"1668","Lane","Harold","1"
"1669","Rossetti","Christina G.","2"
"1670","Holst","Gustav T.","1"
"1671","Dean","Wiley","1"
"1672","Reed","Edith M. G.","2"
"1673","Crews","T. B.",""
"1674","Daniels","M. L.","1"
"1676","Schop","Johann","1"
"1677","Fry","Steve","1"
"1678","Jackson","Jill","2"
"1679","Miller","Sy","1"
"1680","Webb","Charles H.","1"
"1681","Antes","John","1"
"1682","Wilkes","John","1"
"1683","Kitchin","George W.","1"
"1686","Praetorius","Michael","1"
"1687","Morris","Kenneth","1"
"1688","Trimble","John P.","1"
"1689","Price","Cecil E.",""
"1690","Bright","Eric","1"
"1691","Russell","Arthur T.","1"
"1692","Jacobi","John C.","1"
"1693","Croft","Steve","1"
"1694","Jones","Barbie","2"
"1695","Gregory","Joe","1"
"1696","Cox","Bob","1"
"1697","Cober","Kenneth L.","1"
"1699","Alexander","Donald M.","1"
"1700","Scruggs","Randy","1"
"1701","Williams","Clara T.","2"
"1702","Davis","Jimmie","1"
"1704","Cox","Frances E.","2"
"1705","Irons","William J.","1"
"1706","Humphries","Mitch","1"
"1707","Clarkson","E. Margaret","2"
"1708","Lowry","Somerset C.","1"
"1709","Röntgen","Julius","1"
"1710","Carroll","Lisa","2"
"1712","Pendergrass","George","1"
"1713","Lewis","Kenny","1"
"1714","Pullen","Milton","1"
"1715","Sykes","Seth","1"
"1716","Sykes","Bessie","2"
"1717","Walker","Linda","2"
"1718","Chapman","Morris","1"
"1719","Brownlie","John","1"
"1721","Taylor","R. J.","1"
"1722","Key","Francis S.","1"
"1723","Smith","John S.","1"
"1724","Phillips","Keith","1"
"1725","Holland","Josiah G.","1"
"1726","Harrington","Karl P.","1"
"1727","Combs","Charles W.","1"
"1729","Matthews","Timothy R.","1"
"1730","Ramey","Curtis","1"
"1736","Lowry","Mark","1"
"1740","Neal","Patsy","2"
"1741","Kite","Tony","1"
"1742","Parry","Joseph","1"
"1743","Nichol","H. Ernest","1"
"1744","Rusthoi","Esther K.","2"
"1745","George","Billy","1"
"1746","Bible","Ken","1"
"1747","Miller","Gary","1"
"1748","Vulpius","Melchior","1"
"1749","Billings","William","1"
"1750","Green","John K.","1"
"1751","Baird","Tom","1"
"1752","Robinson","Betty J.","2"
"1753","Maxwell","Mary E.","2"
"1754","Gibbs","Ada R.","2"
"1755","Williams","Hank","1"
"1756","Moore","Richard","1"
"1757","Moore","Jan","2"
"1758","Schelske","Marc","1"
"1760","Leach","Richard","1"
"1761","Morris","Fred P.","1"
"1762","Adams","Peter","1"
"1763","Merkel","Steve","1"
"1764","Lagerberg","Clint","1"
"1765","Robertson","Glenn","1"
"1766","Ortega","Fernando","1"
"1767","Schreiner","John A.","1"
"1768","Evans","Darrell","1"
"1769","Oakley","Paul","1"
"1770","Bertolini","Sheri S.","2"
"1771","Henley","Larimore",""
"1773","Hawn","C. Michael","1"
"1774","Bell","David E.","1"
"1775","Howe","Annie","2"
"1776","Berthier","Jacques","1"
"1778","Cantos","Bill","1"
"1780","Álvarez","Lorenzo","1"
"1784","Fuhrman","Sarah J.","2"
"1785","Schales","Glenda B.","2"
"1787","Rend Collective","",""
"1788","Johnson","Brian","1"
"1789","Riddle","Jeremy","1"
"1790","Black","Christa","2"
"1791","Brown","Chris","1"
"1792","Gatch","London","2"
"1793","Brock","Mack","1"
"1794","Garrard","Stuart","1"
"1795","Joye","Wade","1"
"1797","Miller","Thomas","1"
"1798","Miller","Mary Beth","2"
"1799","Nockels","Christy","2"
"1800","Johnson","Jenn","2"
"1801","Wilson","Gabriel","1"
"1802","Taylor","Joel","1"
"1804","Liljero","Eric","1"
"1805","Assad","Audrey","2"
"1806","Chalk","Martin","1"
"1807","Furtick","Steven","1"
"1809","Hansen","Michael","1"
"1810","Thiessen","Brian","1"
"1811","Steele","David","1"
"1812","Smail","Tom","1"
"1813","Groves","Alexander","1"
"1814","Cousin","Annie R.","2"
"1816","Woolston","Clarence H.","1"
"1817","Madan","Martin","1"
"1821","White","Henry K.","1"
"1822","Fuller-Maitland","Frances S.","2"
"1826","Rogers","Mike","1"
"1828","Adams","Janna","2"
"1829","Johnson","Keith","1"
"1830","Farren","Michael","1"
"1831","Mosley","Seth","1"
"1832","Smith","Sue","2"
"1833","Huxford","Cam","1"
"1834","Cottrell","Angela","2"
"1835","Higgins","Chad","1"
"1839","Rhodes","Clint","1"
"1840","Hall","Charlie","1"
"1842","Horn","Katelyn","2"
"1843","Horn","Norman","1"
"1844","Millard","Bart","1"
"1846","Red","Buryl","1"
"1847","Courtney","Ragan","1"
"1850","Harrah","Walt","1"
"1852","Graul","M. Isaac","1"
"1853","Harrington","Connie","2"
"1855","Fenn","Hank","1"
"1856","Smith","Paul","1"
"1857","Gelineau","Joseph","1"
"1860","Angell","Warren M.","1"
"1861","Baird","Lynn","1"
"1862","Schrock","Kay","2"
"1864","Barrett","Pat","1"
"1865","Brown","Anthony","1"
"1866","Berlin","Irving","1"
"1867","Burford","Leonard","1"
"1868","Schicht","Johann G.","1"
"1870","May","James H.","1"
"1871","Rimbault","Edward F.","1"
"1872","Salley","Jerry","1"
"1873","Murphy","Michael James","1"
"1874","Young","E. E.",""
"1876","Goraieb","Sy","1"
"1877","Hosman","Tim","1"
"1878","King","Wes","1"
"1879","Batstone","Bill","1"
"1880","Owens","Edward L.","1"
"1881","Riso","Rick","1"
"1882","Simpson","Robert","1"
"1883","Billington","Dave","1"
"1884","Barbour","Anne","2"
"1885","Skidmore","Marsha L.","2"
"1886","Collins","Dan","1"
"1887","Coles","George","1"
"1888","Bennett","W. Sterndale","1"
"1889","Willersdorf","David","1"
"1890","Koch","Don","1"
"1891","Ferro","Lorraine","2"
"1892","Lewis","Stephanie","2"
"1893","Riches","Tanya","2"
"1894","Pool","Henk","1"
"1895","Field","Paul","1"
"1896","Van Manen","Ralph","1"
"1897","Riekerk","Robert","1"
"1898","Stokes","Kevin","1"
"1899","Katina","Sam","1"
"1900","Katina","Joe","1"
"1901","Katina","James","1"
"1902","Katina","John","1"
"1903","Katina","Jesse","1"
"1904","Hartman","Bob","1"
"1905","Rice","Chris","1"
"1906","Adler","Dan","1"
"1907","Byrd","Marc","1"
"1908","Hindalong","Steve","1"
"1909","McFarlane","Daniel","1"
"1910","Deibler","Jeromy","1"
"1911","Boggs","Michael D.","1"
"1912","King","Ross","1"
"1913","Atwell","Steve","1"
"1914","Blackburn","Mark","1"
"1915","Davison","Jerry","1"
"1916","Springer","Chris","1"
"1918","Mullen","Nicole Coleman","2"
"1919","Underwood","Scott","1"
"1920","Schultz","Mark","1"
"1921","Huirua","Wayne","1"
"1922","Phillips","Drue","1"
"1923","Warren","Joel","1"
"1924","Warren","Mark","1"
"1925","Collins","Todd V.","1"
"1928","Stevens","Lanier","1"
"1929","Huff","Ronn","1"
"1930","Elderkin","George D.","1"
"1931","Thiel","Diane","2"
"1932","Burkum","Tyler","1"
"1933","Cissel","Ben","1"
"1934","Stuart","Mark","1"
"1935","Herdman","Bob","1"
"1936","McGinniss","Will","1"
"1937","Young","Mike","1"
"1938","Norman","Bebo","1"
"1939","Lindsey","Joel","1"
"1940","Wood","Tony W.","1"
"1941","Wallace","Randall","1"
"1942","Glennie-Smith","Nick","1"
"1943","Fay","Michael","1"
"1944","Young","Cole","1"
"1945","Sprague","Billy","1"
"1946","Graham","Brendan","1"
"1947","Løvland","Rolf","1"
"1948","Carroll","Bruce","1"
"1949","Bills","Kelci Young","2"
"1950","Haynes","Timothy J.","1"
"1951","Borop","Niles","1"
"1952","Furler","Peter","1"
"1953","Taylor","Steve","1"
"1954","Cartee","Carl","1"
"1955","Bosarge","Charles","1"
"1956","Wells","Christa","2"
"1957","Dummer","Elias","1"
"1958","Story","Laura","2"
"1959","Arnold","Anadara","2"
"1960","Silvey","Jeff","1"
"1961","Benward","Jeoffrey","1"
"1963","Shust","Aaron","1"
"1964","Greenwell","Dorothy","2"
"1965","Wade","Jason","1"
"1966","Siler","Steve","1"
"1967","Lacy","Ty","1"
"1968","Robertson","Adrian",""
"1969","Coulton","Cain","1"
"1970","Coope","Evan","1"
"1971","Scarlett","Jonathan","1"
"1972","Chapman","Matthew J.","1"
"1973","Beech","Walker","1"
"1974","Neese","Zach","1"
"1975","Beeching","Vicky","2"
"1976","Sampson","Marty","1"
"1977","Kirkland","Eddie","1"
"1978","Barlow","Alyssa","2"
"1979","Barlow","Lauren","2"
"1980","Barlow","Rebecca","2"
"1981","Sczebel","Pat","1"
"1982","Nifong","Alex","1"
"1983","Foreman","John","1"
"1984","Corlew","Darren","1"
"1985","Hart","Sarah","2"
"1986","Hartford","Chapin","2"
"1987","McMillan","John Mark","1"
"1988","Bleecker","Michael","1"
"1989","Nockels","Nathan","1"
"1990","Baird","Jonathan","1"
"1991","Baird","Ryan","1"
"1992","Rubenstein","Elaine","2"
"1993","Nicetas of Remesiana","","1"
"1994","Turle","James","1"
"1995","MacFarren","George","1"
"1996","Clark","Alexander","1"
"1997","Trim","Horace Lorenzo","1"
"1998","Butterfield","Daniel","1"
"2000","Coller","Charles","1"
"2001","Moultrie","Gerard","1"
"2002","Masters","Mary","2"
"2003","Wilcox","Alanson","1"
"2004","Booth-Clibborn","Catherine","2"
"2005","Reichardt","Johann F.","1"
"2006","Brahams","Johannes","1"
"2007","Earle","Fanny B.","2"
"2008","Chumley","Zane","1"
"2009","Knapp","Jennifer","2"
"2010","Badham","Raymond","1"
"2011","Glover","Ben","1"
"2012","Block","Ron","1"
"2013","White","David James","1"
"2014","Cates","Jess","1"
"2015","Thomas","Dylan","1"
"2016","Chislett","Michael Guy","1"
"2017","Johnson","Jeff","1"
"2018","Mabury","Paul","1"
"2019","Mooring","Jack","1"
"2020","Leonard","David","1"
"2021","Jordan","Leslie","2"
"2022","McCracken","Sandra","2"
"2023","Baker","Ken","1"
"2024","Lowry","Cyndie","2"
"2025","Riley","Richard B.","1"
"2026","Thompson","Steve","1"
"2027","Kenoly","Ron","1"
"2028","Smith","Louis","1"
"2029","Talley","Kirk","1"
"2030","Taylor, Jr.","R. J.","1"
"2031","Watson","Merla","2"
"2032","Binion","David","1"
"2033","Thomas","Dawn","2"
"2034","Byerley","David","1"
"2035","Stegall","Ken","1"
"2036","Chambers","Danny","1"
"2037","Peifer","Curtis","1"
"2038","Darnall","Beverly","2"
"2039","Massa","Michael","1"
"2040","Davis","Becky","2"
"2041","Henry","Kent","1"
"2042","Goodine","Elizabeth","2"
"2043","Goodine","Wayne","1"
"2044","Cymbala","Carol","2"
"2045","Hammerly","Jim","1"
"2046","Vick","Virginia H.","2"
"2047","Detweiler","Janice","2"
"2048","Gaskins","Henry","1"
"2049","Lambert","O. A.",""
"2050","Bolton","Dave","1"
"2051","Moon","Pat","2"
"2052","Krippayne","Scott","1"
"2053","Clark","Betsy Sue","2"
"2054","Blume","Bobby","1"
"2055","Engle","Joel","1"
"2056","Isgitt","David","1"
"2057","Wimber","John","1"
"2058","McCoy","Jan","2"
"2059","Timbes","Jonathan","1"
"2060","Overstreet","Paul","1"
"2061","Stone","Regi","1"
"2062","Ferguson","Jeff","1"
"2063","Otwell","David","1"
"2064","Otwell","Roger","1"
"2065","Waddell","Cory","1"
"2066","Kerr","Ed","1"
"2067","Davis","Holland","1"
"2068","Cash","Scott","1"
"2069","Lawson","Robert","1"
"2070","Paden","Jonathan","1"
"2071","Moyers","Gary","1"
"2072","Jefferson","LaMarquis","1"
"2075","Utterbach","Clinton","1"
"2076","Strange","E. A.",""
"2077","Nevin","Edwin H.","1"
"2078","Bonilla","Manuel","1"
"2079","Pickup","F. H.",""
"2080","Cook","T. J.","1"
"2082","Bartholemew","William","1"
"2083","Rios","J. R.",""
"2084","Brand","W. C.",""
"2085","Maxwell","E. L.",""
"2086","Sharpin","Estela","2"
"2087","Batastini","Robert J.","1"
"2089","Thomann","V. E.",""
"2090","Haughwort","Lefferd M. A.",""
"2091","Souder","Sam","1"
"2092","Holiday","Mickey","1"
"2093","Jaques-Dalcroze","Emile","1"
"2094","Kraus","Joseph Martin","1"
"2095","Blandy","Ernest W.","1"
"2096","Stillman","Jairus M.","1"
"2097","Cosidó","Mateo","1"
"2098","Perry","F. Clark",""
"2099","Hudson","Mike","1"
"2100","Fillmore","Augustus D.","1"
"2101","Sinclair","Jerry","1"
"2102","Pagán-López","José","1"
"2103","Alonso","Manuel José","1"
"2104","Harkness","Georgia","2"
"2105","Twomey","Kathleen","2"
"2106","White","Fred","1"
"2107","St. Clair","Robert","1"
"2108","Rivers","Elaine","2"
"2109","Robleto","Adolfo","1"
"2110","Calamita","Camilo","1"
"2111","Montero","Danilo","1"
"2112","Black Mathis","Lori","2"
"2114","Kennedy","Weldon","1"
"2115","Whiddington","Ada A.","2"
"2116","Hunt","E. A.",""
"2117","Williams","C. D.",""
"2119","Guerrero","Giovanni","1"
"2120","Alvarado","Juan Carlos","1"
"2121","Mathis","Lori Black","2"
"2122","Tye","Christopher","1"
"2124","Thompson","Van Denman","1"
"2125","Forest","Frank","1"
"2126","Garlington","Valdese",""
"2127","Chapin","Amzi","1"
"2128","Giebel","A.",""
"2129","de Caudill","Marjorie J.",""
"2130","Pannell","T. N.",""
"2131","Coghill","Anne Walker","2"
"2133","Farro","Josh","1"
"2134","Wickham","Phil","1"
"2135","Lavender","Josh","1"
"2136","Andrews","Meredith","2"
"2137","Zarletti","Vincent","1"
"2138","Pinson","Christine","2"
"2139","Hastings","Benjamin","1"
"2140","Usher","Dean","1"
"2141","Armstrong","Matt","1"
"2142","Couchman","C. E.","2"
"2143","Bassford","Matt W.","1"
"2144","Jenkins","Charles","1"
"2145","Yarbrough","Dave","1"
"2146","Massey","Micah","1"
"2147","Talbot","Terry","1"
"2148","Brannon","Robin","1"
"2149","Lancaster","Melissa","2"
"2150","Rogers","Lindsay","2"
"2151","Crocker","Matt","1"
"2152","Ligthelm","Salomon","1"
"2153","Hart","Barbara B.","2"
"2154","Reese","Jack R.","1"
"2156","Kerr","Hugh T.","1"
"2158","Hughes","Marva L.","2"
"2159","Elkins","Tice","1"
"2160","Johnson","James W.","1"
"2161","Johnson","John R.","1"
"2162","Sullivan","James P.","1"
"2163","Sullivan","Mildred E.","2"
"2164","Daw","Randy","1"
"2165","Parsons","Squire E.","1"
"2166","Showalter","Michael E.","1"
"2167","Lovelace","Austin C.","1"
"2168","Goodman","Charles Rusty","1"
"2169","Hopper","Bill H.","1"
"2170","Fowler","Bryan","1"
"2171","Stevenson","Ryan D.","1"
"2175","Bratton","John David","1"
"2176","Walker","Hezekiah","1"
"2177","Bronleewe","Matt","1"
"2178","Steingard","Jonathan","1"
"2179","Wright","Todd","1"
"2180","Sooter","Jacob","1"
"2181","Daigle","Lauren","2"
"2182","Keyes","Aaron","1"
"2183","Smith","Ben","1"
"2184","Barrett","Joseph Pat","1"
"2185","Moerman","Chris","1"
"2187","Hooper","Matthew","1"
"2188","Fike","Richie","1"
"2189","Ryan","Travis","1"
"2190","Gungor","Lisa","2"
"2191","Gungor","Michael","1"
"2193","Kaple","Kirby","2"
"2194","Younker","Brett","1"
"2195","Gilkeson","Gareth","1"
"2196","Llewellyn","Chris","1"
"2197","Stewart","Caleb","1"
"2198","James","Pete","1"
"2199","Boswell","Matt","1"
"2200","Papa","Matt","1"
"2201","West","Matthew","1"
"2202","Phillips","Randy","1"
"2203","Case","Joel","1"
"2204","Helser","Jonathan David","1"
"2205","Lawrence","Donald","1"
"2206","Nelon","Rex","1"
"2207","Kerr","Hannah","2"
"2209","Pendergrass","Gary","1"
"2215","Pollard","Korney Jamaal","1"
"2216","Donehey","Mike","1"
"2217","Balltzglier","Heath","1"
"2218","Coker","Brandon","1"
"2219","Kersh","Adam","1"
"2220","Smith","Paul Taylor","1"
"2221","Smith","Jonathan","1"
"2222","Curran","Sean","1"
"2223","Kauflin","Jordan","1"
"2224","Merker","Matt","1"
"2225","Robinson","Jonny","1"
"2226","Smith","Dustin","1"
"2227","Thompson","Rich","1"
"2228","Sullivan","Mark","1"
"2229","Culver","Caleb","1"
"2230","Asbury","Cory","1"
"2231","Jackson","Ran","1"
"2232","Ntlele","Matthews","1"
"2233","Ellis","Ryan","1"
"2234","Brown","Tony","1"
"2235","Camp","Jeremy","1"
"2236","Jones","Drew","1"
"2237","Goodson","Albert A.","1"
"2238","Shipp","Jerry","1"
"2239","Rowthorn","Jeffery","1"
"2240","Hopps","John P.","1"
"2241","Townsend","Frances",""
"2242","Morgan","Michael","1"
"2244","Brock","Dwight Moody","1"
"2245","Shipp","Glover","1"
"2246","Somervell","Ruth Ann","2"
"2247","Frambes","Barry","1"
"2248","McMillan","Sarah","2"
"2249","Rozier","Andi","1"
"2250","McDonald","James","1"
"2251","Penna","Kevin","1"
"2252","Ligertwood","Scott","1"
"2253","Keefer","Jake","1"
"2254","McClarney","Chris","1"
"2255","Moore","Nate","1"
"2256","Westerman","Amy","2"
"2257","Crowder","David","1"
"2258","Reeves","Sarah","2"
"2259","Kothlow","Philip","1"
"2260","Hammond","Fred","1"
"2261","Clark","Derek Samuel","1"
"2262","Summons","Shelton","1"
"2263","Walker","Kevin","1"
"2264","Peterson","Andrew","1"
"2265","Shive","Ben","1"
"2266","Metters","Thurmond","1"
"2267","Brown","Luke","1"
"2268","McClurkin","Donnie","1"
"2269","Burleigh","Glen","1"
"2270","Gentiles","David","1"
"2271","Tierce","Melanie","2"
"2272","Carter","Sean","1"
"2273","Yates","Will","1"
"2274","Scott","Russell D.","1"
"2275","Thompson","Kathy","2"
"2276","Kirkland-Kanewske","Kathleen","2"
"2277","Witherington III","Ben","1"
"2278","Kneuper","Felix","1"
"2279","Walker","Martha Pounders","2"
"2280","Hamilton","Mark","1"
"2281","Daw","Jeremy","1"
"2282","Hall","Jennifer","2"
"2283","Gay","Ashley","2"
"2284","McInturff","Rachel","2"
"2285","Cawyer","Brad","1"
"2286","Roberson","Matt","1"
"2287","Stivers","Chris","1"
"2288","Shipp","Sarah","2"
"2289","Pullen","Sean","1"
"2290","Collum","Laura K.","2"
"2291","Shipp","Rachel","2"
"2292","Gregersen","Linda McClurg","2"
"2293","Shipp","Gina","2"
"2294","Jones","Heath","1"
"2295","Slimp","Clyde H.","1"
"2296","Pemberton","Glenn","1"
"2297","Starbuck","Scott R. A.","1"
"2298","Porter","Matthew K.","1"
"2299","Love","Paul D.","1"
"2300","Atkeson","Cooper","1"
"2301","O'Donnell","Dennis","1"
"2302","Eldred","Clio B.","1"
"2303","Cha","Kilnam","1"
"2304","Scheer","Greg","1"
"2305","Koyzis","David T.","1"
"2306","Wilkey","Jay","1"
"2307","Phillips","Carol Crowder","2"
"2308","Vieker","Jon D.","1"
"2309","Gatewood","Merle K.","2"
"2310","Hamm","Laura Horton","2"
"2311","Little","Barbara Jane","2"
"2312","Brown","Julianne Grace","2"
"2313","Schaffer","Kevin","1"
"2314","Peterson","Christiana Worley","2"
"2315","United Presbyterian Church","",""
"2316","Tackett","Jeanette","2"
"2317","Roberts","Craig A.","1"
"2318","Harber","Matthew L.","1"
"2319","Anderson","Fred R.","1"
"2320","Davis","Katherine K.","2"
"2321","Howard","Dori Lynn","2"
"2322","Howard","Thomas Lynn","1"
"2323","Partain","Don","1"
"2324","Brink","Emily","2"
"2325","Witvoet","Bert","1"
"2326","Grieve","J. Nichol","1"
"2327","Willis","Charles L.","1"
"2328","Idle","Christopher","1"
"2329","Garza","Sam","1"
"2330","Miller","E. F.",""
"2331","Garrison","Gayle","2"
"2332","Smith","Isaac","1"
"2333","Preston","David G.","1"
"2334","Coulson","Mark","1"
"2335","Landrum","O. E.",""
"2336","Woollett","Barbara","2"
"2337","Chopin","Frederic","1"
"2339","Edwards","William","1"
"2340","Trimble","John D.","1"
"2342","Rea","Jonathan","1"
"2343","Coffey","Linda","2"
"2344","Daw, Jr.","Carl P.","1"
"2345","Cope","James R.","1"
"2346","Hintze","Jakob","1"
"2347","Benson","Louis F.","1"
"2348","Noel","Caroline M.","2"
"2349","Tate","Laura A.","2"
"2350","Spaeth","Harriet K.","2"
"2351","Matthes","John C.","1"
"2352","MacDuff","John Ross","1"
"2353","Statham","H. Heathcote",""
"2354","Hardin","S. Jason","1"
"2355","Sparrow-Simpson","William J.","1"
"2356","Filitz","Friedrich","1"
"2357","Bourne","George H.","1"
"2358","Morrison","Richard L.","1"
"2359","Box","Gary L.","1"
"2362","Pott","Francis","1"
"2363","da Palestrina","Giovanni Pierluigi","1"
"2365","Ahle","Johann Rudolph","1"
"2366","Edwards","John David","1"
"2367","Hersey","Kelly R.","2"
"2368","Payne","Jennifer L.","2"
"2369","Smith","Alfred Morton","1"
"2370","Steuerlein","Johann","1"
"2371","Dalles","John A.","1"
"2372","Stevens","Anne Finley","2"
"2373","Harbaugh","Henry","1"
"2374","Procter","Adelaide Anne","2"
"2375","Canton","William","1"
"2376","Lillenas","Bertha Mae","2"
"2377","Madeira","Phil","1"
"2378","Foulkes","William H.","1"
"2379","Laufer","Calvin W.","1"
"2380","Couchman","Thomas D.","1"
"2381","Jenkins","Sarah Roberts","2"
"2382","Clark","John H.","1"
"2383","Hartsell","Huey P.","1"
"2384","Cutts","Peter","1"
"2386","Wheal","William","1"
"2387","Jennings","Tim","1"
"2388","Wilkinson","Kate B.","2"
"2389","Barham-Gould","A. Cyril","1"
"2390","Routley","Erik","1"
"2391","Meigs","Charles D.","1"
"2392","Shields","Elizabeth M.","2"
"2393","Doudney","Sarah","2"
"2394","Becker","Margaret","2"
"2395","Purvis","Katharine","2"
"2397","Walker","Wayne S.","1"
"2398","Presley","Harry","1"
"2399","Tiddeman","Maria","2"
"2400","Messenger","John A.","1"
"2401","Stanley","Ralph","1"
"2402","Walton","W. Spencer","1"
