"CopyrightHolderID","CopyrightHolderName","CopyrightAdministratorID"
"1","public domain",""
"2","Word of God Music","1"
"3","Kid Brothers of St. Frank Publishing","2"
"4","Hallal Music","2"
"5","Integrity's Hosanna! Music","4"
"6","Sacred Selections","5"
"7","Bud John Songs, Inc.","4"
"8","Brentwood Benson Publishing","2"
"9","Resource Christian Music","6"
"10","Meadowgreen Music Company","4"
"11","Maranatha! Music","2"
"12","New Spring Publishing","2"
"13","Dawn Treader Music","4"
"14","Lillenas Publishing Company","2"
"15","Hope Publishing Company","7"
"16","Straightway Music","4"
"17","Scripture in Song","2"
"18","Gabriel Music, Inc.",""
"19","Sound III","8"
"20","Kay Chance","9"
"21","Howard Books","10"
"22","Sovereign Grace Music","11"
"23","Dick and Mel Music","4"
"24","Birdwing Music","4"
"25","Shepherd's Heart Music","12"
"26","Stuart K. Hine Trust","4"
"27","Lloyd O. Sanderson","13"
"28","Material Music","2"
"29","Lorenz Publishing Company","14"
"30","Gospel Quartet Music Company","15"
"31","Amy Bessire",""
"33","Broadus E. Smith",""
"34","Oxford University Press","17"
"35","Lanny Wolfe Music","18"
"36","Pilot Point Music","2"
"37","William J. Gaither","18"
"38","Coomesietunes","1"
"39","Manna Music","15"
"40","C. A. Music","2"
"41","Shadow Spring Music","2"
"42","Mack Taunton Music",""
"43","Dayspring Music","2"
"44","Going Holm Music","19"
"45","Taylor Publications",""
"46","Pamela Kay Music","4"
"47","Broadman Press","2"
"48","Lovely Name Music","18"
"49","Far Lane Music Publishing",""
"50","Gaither Music Company","18"
"51","Word Music Group","2"
"52","Fred Bock Music Company","20"
"53","River Oaks Music Company","4"
"54","Jeff Nelson",""
"55","Bridge Building Music","2"
"56","Tommy Wheeler","21"
"57","Make Way Music","2"
"58","Latter Rain Music","4"
"59","Bob Kilpatrick Ministries","14"
"60","Stamps Quartet Music Company","15"
"61","Owen Perry","22"
"62","Psalmsinger Music","2"
"63","Age to Age Music","23"
"64","Mountain Spring Music","4"
"65","Buckhorn Music Publishing, Inc.","24"
"66","Did My Music","19"
"67","Albert E. Brumley & Sons","15"
"68","Aspirations Publishing",""
"69","Celebrant Music",""
"70","Sweet Publishing Company",""
"71","Hamblen Music Company","15"
"72","John W. Peterson Music Company","26"
"73","Mosie Lister Songs","2"
"74","Rex Nelon Music Company","15"
"75","Angel Band Music","18"
"76","Srose Publishing Company","27"
"77","Gospel Publishing House",""
"79","David Allen Stathopulo","28"
"80","Shepherd's Fold Music","4"
"81","Eagle Ministries",""
"82","Vineyard Worship","29"
"84","Thankyou Music","4"
"85","Fairhill Music","30"
"86","Unichappell Music","31"
"87","G. Schirmer","32"
"88","Southern Faith Songs","2"
"89","Sparrow Song","4"
"90","Priesthood Publications","33"
"91","Efenbee Music","4"
"92","Studio in the Oaks","34"
"93","Texas Legendary Music","35"
"94","Ben Speer Music","15"
"96","James D. Vaughan Music Publisher","36"
"97","Firm Foundation Publishing House",""
"98","V. E. Howard",""
"99","Silverline Music",""
"100","Claude Thomas Lynn","49"
"101","Crowning Hymns No. Ten",""
"102","The Marlon Davis Company",""
"103","G. H. P. Showalter",""
"104","Roy Harris",""
"105","C. T. Johnson",""
"106","Parchment Press",""
"107","Will W. Slater",""
"108","John D. Blackstone",""
"109","Wayne Shamblin & Claude Lynn",""
"110","Palmer E. Wheeler",""
"111","Tillit S. Teddlie",""
"112","Hartford Music Company","15"
"125","William McEwan",""
"126","S. H. Hall & Flavil Hall",""
"128","E. L. Jorgenson",""
"129","Austin Taylor",""
"130","B. M. Taylor","37"
"131","L. A. Gordon",""
"133","Gospel Advocate Company",""
"136","R. E. Winsett",""
"137","Morris-Henson, Moore",""
"138","E. S. Daugherty",""
"139","Ellis J. Crum",""
"140","R. H. Cornelius",""
"141","A. J. Showalter Company",""
"142","Leonard Daugherty",""
"143","Woodie W. Smith Company",""
"144","Homer L. King",""
"145","M. Lynwood Smith",""
"146","The Rodeheaver Company",""
"147","The United Methodist Publishing House","1"
"148","Cánticos Escogidos",""
"149","Gene C. Finley",""
"150","Paul H. Epps",""
"151","The Hymn Society","7"
"152","Song Supplements, Inc.",""
"153","Van Ness Press, Inc.","2"
"154","ACU Press",""
"155","Edward Ritchie",""
"156","McKinney Music",""
"157","Phillip W. Sanders",""
"158","Max D. Wheeler",""
"159","Shepherd-Stevens Music",""
"160","World Library Publications","38"
"161","The Boston Music Company",""
"163","Augsburg Fortress","39"
"164","Max Miller",""
"165","The Church Pension Fund",""
"166","Don and Valerie Dalton",""
"167","Jaroslav J. Vajda",""
"168","GIA Publications, Inc.","40"
"169","Homeward Bound Music","19"
"170","Authentic Publishing","4"
"171","Jubilate Group","42"
"172","The Pilgrim Press",""
"173","Ernest Sands","43"
"174","Interkerkelijke Stichting voor het Kerkenlied",""
"175","Celebremos/Libros Alianza",""
"176","Casiodoro Cárdenas",""
"177","CanZion Producciones",""
"178","Philip W. Blycker",""
"179","Casa Bautista de Publicaciones",""
"180","Cesáreo Gabaráin","43"
"181","Asociación Bautista Argentina de Publicaciones",""
"183","Wondrous Worship","2"
"184","Drew Brown",""
"185","Ediciones la Aurora",""
"186","Blanca Stauda de Martínez",""
"187","Abingdon Press","1"
"188","Juan M. Isáis",""
"189","Raúl Galeano",""
"190","Benjamin Villanueva",""
"191","Transcontinental Music","44"
"192","Norman L. Starks",""
"194","Gloria Music Company",""
"195","Randy Gill",""
"196","Blood Smith Music","45"
"197","Ariose Music","4"
"198","Shade Tree Publishing","2"
"199","Integrity's Praise! Music","4"
"200","Restoration Music",""
"201","Hillsong Music Publishing","4"
"202","Worship Together Music","4"
"203","worshiptogether.com Songs","4"
"205","Jonathan Vest",""
"206","Curiously Strong Music",""
"207","Brad Smith Music",""
"209","Shadow Rock Music","2"
"210","Song Solutions Daybreak","46"
"211","joshmooreownsthismusic","2"
"212","Imboden Music/Martha Jo Music","2"
"213","Clarissa A. Cox",""
"215","Willow Branch Publishing","2"
"216","peermusic","47"
"217","The ZOE Group",""
"218","Meaux Mercy","4"
"219","Cubs in the Series","2"
"221","Gateway Create Publishing","4"
"223","Chris Lindsey",""
"224","Bulls' Pen Music",""
"225","fearless4you Music","48"
"226","Jeremy Johnson",""
"227","Konstantin Zhigulin","49"
"228","Wayne Lewis",""
"229","T. E. Foster",""
"230","Vineyard Songs","2"
"231","Ivan Costa",""
"232","Anthony K. Music",""
"233","Musical Ministries, Inc.","50"
"234","Dane K. Shepard",""
"235","Sonworshipers Music","19"
"236","ZionSong Music",""
"237","Debbie Dorman","49"
"238","Melissa Balusek",""
"240","Walter H. Chaney",""
"241","James W. Tackett","49"
"242","Tennessee Music & Printing Company","36"
"243","Celebration",""
"244","The Wilds Christian Association",""
"245","T. B. Crews and M. L. Daniels",""
"246","Jan-Lee Music","51"
"248","Megin's College Fund Music",""
"249","Cecil E. Price",""
"250","Joe Gregory",""
"251","Donald M. Alexander",""
"252","Whole Armor Publishing Company",""
"253","Curious? Music","4"
"254","RCM Enterprises",""
"255","Lisa Carroll",""
"257","Milton Pullen",""
"258","Curtis Ramey & M. L. Daniels",""
"260","Patsy Neal",""
"261","Tom Baird",""
"262","Jehovah Jireh Publishing",""
"263","Richard Moore",""
"264","Marc Schelske Music",""
"265","Richard Leach and M. L. Daniels",""
"266","PLOV Music",""
"267","From Dust Music","1"
"268","Mother's Heart Music",""
"270","spiritandsong.com","4"
"271","Upside Down Under","52"
"272","Dejamesolo Music","2"
"273","John Andrew Schreiner Music","53"
"274","Toddler Tunes Music","54"
"275","Choristers Guild","55"
"276","sixsteps Music","4"
"277","SongWard Music","1"
"279","Mark Shipp",""
"280","M. L. Daniels",""
"281","MCA Music","8"
"282","A.D.O. Universal Studio","8"
"283","Ateliers et Presses de Taizé",""
"284","CCCM Music",""
"287","Chrysalis Music Ltd.",""
"288","Said and Done Music",""
"290","Windsor Hill Music",""
"291","New Branch Music","2"
"293","Crouch Music","4"
"296","Glenda Barnhart Schales",""
"297","Moon & Musky Music","2"
"298","Yada Yada Yada Music","2"
"299","Bethel Music","57"
"300","ChristaJoy Music Publishing","57"
"301","Stugio Music Publishing","72"
"302","Sweater Weather Music","4"
"303","Valley of Songs Music","4"
"305","Vamos Publishing","4"
"306","Shout! Music Publishing","4"
"307","sixsteps Songs","4"
"308","Martin Chalk",""
"309","Open Hands Music","72"
"311","S.D.G. Publishing","4"
"312","Sovereign Grace Praise","4"
"313","Sound of the New Breed","4"
"315","Integrity Worship Music","4"
"319","LNWhymns.com","2"
"320","Capitol CMG Genesis","4"
"321","Jesus Culture Music","4"
"322","This Is Your Time Music",""
"323","Farren Love and War Publishing","59"
"324","Integrity's Alleluia! Music","59"
"325","2 Hour Songs","59"
"326","CentricSongs","59"
"327","CCTB Music","4"
"328","Universal Music - Brentwood Benson Publishing","4"
"329","Great Revelation Music","4"
"330","We Are Younger We Are Faster Music","2"
"331","It's All about Jesus Music","2"
"332","Indelible Creative Songs","23"
"333","First Hand Revelation Music","23"
"336","Mercy/Vineyard Publishing",""
"337","Clint Rhodes",""
"338","Here to Him Music",""
"339","Norman Horn",""
"340","Simpleville Music","2"
"343","Praise Song Press","4"
"344","Little Cricket Music","61"
"345","Sony/ATV Cross Keys","4"
"346","Juniper Landing Music","2"
"347","Peach Hill Songs",""
"348","Some-O-Dat Music",""
"349","Common Hymnal Digital","4"
"350","Housefires Sounds","4"
"351","Capitol CMG Paragon","4"
"352","Tony Brown Publishing Designee","4"
"353","Irving Berlin",""
"354","Greg Nelson Music","4"
"355","Hat Songs","23"
"356","Locally Owned Music","23"
"357","Riverstone Music","23"
"358","HeartService Music","4"
"359","Songs on the Forefront","4"
"360","Shepherd Boy Music","62"
"361","Jonathan Mark Music","18"
"363","Galestorm Music",""
"364","Universal Music Corporation",""
"365","Randy Cox Music",""
"366","Maroon Dogg Music","4"
"367","Clumsy Fly Music","62"
"368","Centergetic Music","19"
"369","Storm Boy Music","4"
"370","Never Say Never Songs","4"
"371","Ross King",""
"372","Broken Songs","63"
"373","Vandura 2500 Songs","4"
"374","Gray Dot","4"
"375","Lil' Jas' Music","64"
"376","Wordspring Music","62"
"377","Mark Schultz Music","23"
"378","Parachute Music","4"
"379","Wondermark","4"
"380","Jones Fercury Music","4"
"381","Flicker USA Publishing","4"
"382","Allen Vaughn and Ray Publishing","4"
"383","Up in the Mix Music","4"
"385","Appstreet Music","4"
"386","Vacation Boy Music","4"
"387","Wixen Music Publishing","65"
"388","My Refuge Music","4"
"389","Be Essential Songs","72"
"390","Skin Horse",""
"391","Peermusic III",""
"392","Universal - Polygram International Publishing","8"
"393","Universal Music - Brentwood Benson Songs",""
"394","Soylent Tunes","59"
"395","All for the King Music","64"
"396","Rick Cua Music","66"
"397","Hill Spring Music","2"
"398","Weimarhymes Publishing","67"
"399","Lakeside Music Group / Autotunes","64"
"400","Mo Promise Music",""
"401","Schparkenmusik","66"
"402","Laura Stories","4"
"403","Postage Stamp Publishing","64"
"404","White Spot Publishing","4"
"405","Dimensional Songs of the Knoll","68"
"406","G Chills Music","68"
"407","Friday Records Music",""
"408","Imagine the Music","4"
"409","Matt Huesmann Music",""
"410","Vineyard Songs Canada","29"
"411","Eddie Kirkland Music",""
"412","Sovereign Grace Worship","4"
"413","Pay Me Please Publishing","4"
"414","Rubadub Publishing",""
"415","StackTraxx Music","69"
"416","Atlas Mountain Songs","4"
"417","Michael Puryear Music",""
"418","Chapin Hartford Music",""
"420","So Essential Tunes","72"
"421","Izzy Sol Songs","70"
"422","Metro One","70"
"423","West Hudson Music","4"
"424","Extended Stay Music","23"
"425","Ron Block",""
"426","Everytown Music Publishing",""
"427","Integrity Pd Arrangement","4"
"428","Vistaville Music","71"
"429","C/O JASON INGRAM","59"
"430","Songs at North Point","2"
"431","Hanna Street Music","18"
"432","I Am a Pilgrim Songs","72"
"433","Alletrop Music","2"
"434","Flychild Publishing","72"
"435","Ponies Riding Shotgun","2"
"436","Spirit Nashville Three","72"
"437","Meaux Jeaux Music","59"
"438","The Devil Is a Liar! Publishing","4"
"439","Jack Mooring Music","59"
"440","Drink Your Tea Music","2"
"441","Niles Borop Music","15"
"442","Lehsem Songs","73"
"443","Kirk Talley Music","74"
"444","Alton Howard",""
"445","Designer Music Group",""
"446","+2DB","2"
"447","Sony/ATV Milene Music",""
"448","Annie Merle Music","62"
"449","Sister Sarah Music",""
"450","Davishop","4"
"451","Integrity's Music",""
"452","Songchannel Music","4"
"453","DB n DB","2"
"454","Carol Joy Music","15"
"455","Deer Valley Music","4"
"456","Pat Moon",""
"457","Gary Bruce",""
"458","Betsy Sue Clark and R. J. Taylor",""
"459","Bobby Blume",""
"460","Fair Trade Global Songs","2"
"461","Glorify, Inc.","2"
"462","LenSongs Publishing",""
"463","Cat Claw Music Press","91"
"464","Jan McCoy",""
"465","Scarlet Moon Music","4"
"466","Experience Worship Music","74"
"467","Jeff Ferguson Music","74"
"468","The Acappella Company",""
"469","Marquis III","62"
"471","Ears to Hear Music","4"
"473","Mike Rogers",""
"477","Utterbach Music Publishing","8"
"478","Bruce W. Woodman",""
"479","Marion Davis Company",""
"480","Organon Key Music","4"
"481","Sandi's Songs Music","4"
"482","Summerdawn Music","4"
"483","Sweet Ransome Music",""
"485","Songs of Rambo McGuire","4"
"486","Smittyfly Music","4"
"487","Leadworship Songs","4"
"488","The Song of One",""
"490","Oregon Catholic Press","75"
"491","Sausage Bread Music","4"
"493","His Eye Music","4"
"494","Joy of the Lord Publishing","4"
"495","Universal Music - Brentwood Benson Tunes","4"
"496","Levi Bear Music","4"
"497","Elevation Worship Publishing","72"
"499","John Fischer",""
"500","Wondrously Made Songs","2"
"501","We Mobile Music","4"
"502","Geoff Bullock Music","2"
"503","Primary Wave Brian",""
"504","New Jerusalem Music","77"
"505","Clouseau Music",""
"506","House of Mercy Music","4"
"507","Centergy Music","74"
"508","The Derricks Legacy","4"
"509","Sony/ATV Acuff Rose Music","52"
"510","Geoff Moore Songs","4"
"512","Yellow House Music","4"
"513","Mole End Music","2"
"514","Michael Lusk Music",""
"515","Imagine This Music","4"
"516","Full Armor Publishing Company","47"
"517","songwriter.au.com","2"
"518","Gloworks Limited","4"
"519","TwoNords Music",""
"520","The People's Church","4"
"521","Rufus Music","4"
"524","Weldon Kennedy",""
"525","Applause and Encore Music",""
"526","Sony/ATV Music","52"
"528","Getty Music Publishing","2"
"529","Parakeet Boots Music","2"
"530","Townend Songs","2"
"531","First Time Around Music","4"
"532","C. D. Williams",""
"533","Preston Christian Music","54"
"534","Osvaldo Catena",""
"535","BMG Chrysalis","4"
"536","Richard E. Maxwell",""
"537","Kari Jobe Carnes Music","4"
"538","Outfield Music Company","2"
"539","Valdese Garlington",""
"540","Clannad Music",""
"541","Rob Still Music","4"
"542","Spoone Music","2"
"543","Leon B. Sanderson",""
"544","R. J. Stevens","78"
"546","Bravo and Encore Music",""
"547","Ryan House Melodies","2"
"548","One Man Band",""
"549","Expressions of Praise Music","2"
"550","Darlene Zschech Co-Pub","4"
"551","Billy Foote Music","4"
"553","McTyeire Music","2"
"555","Phil Wickham Music","2"
"556","Seems like Music","2"
"557","Sing My Songs","2"
"558","WB Music Corporation","80"
"559","Josh Lavender",""
"560","Vincent Zarletti",""
"561","Christine Pinson",""
"562","Countless Wonder Publishing","4"
"563","Fots Music","4"
"564","McKittrick Music","4"
"565","Charli E. Couchman",""
"566","Inspired People Music","81"
"568","Datamama","72"
"569","Jack R. Reese",""
"570","Marva L. Hughes",""
"571","Kingsmen Publishing Company","4"
"573","Playin' TAG Music","15"
"574","Musical Moodswing","4"
"575","Ryan Stevenson Publishing Designee","4"
"576","Capitol CMG Amplifier","4"
"577","Songs of Emack","4"
"578","Juan Bermea",""
"581","Li'l Eva Music","4"
"582","Luv Ki Music Publishing","4"
"583","John David Bratton","83"
"584","Forest for the Trees Music","72"
"585","Atlantis Underwater Music","72"
"586","FairTrade Tunes","72"
"587","Christian Taylor Music","15"
"588","Simple Tense Songs","2"
"589","HBC Worship Music","72"
"590","All Essential Music","4"
"591","See You at the Pub","72"
"592","Songs from Exit 71","72"
"593","Itisreal Music.om","4"
"594","Flock Street Music","4"
"595","Barrett Daddy Music","4"
"596","Life Worship","4"
"597","Travis Ryan Music","4"
"598","Karl Andrew Martin","84"
"599","Kaple Music","57"
"600","Common Hymnal Publishing","4"
"601","10000 Fathers","4"
"602","Awakening Media Group","4"
"603","Atlas Music Publishing","85"
"604","Songs of Black River","86"
"606","Gary Pendergrass",""
"609","Fellow Ships Music",""
"611","Sound Walk Music Group",""
"612","Unsecret Songs","64"
"613","No Alibis Publishing",""
"614","Centricity Songs","4"
"615","BCoker Music","4"
"616","Adam Kersh Music","4"
"617","Paul Taylor Smith Publishing","4"
"618","Music at North Point","72"
"619","Hickory Bill Doc","72"
"620","Sounds of Jericho","4"
"621","Kristian Stanfill Publishing Designee","4"
"622","Jordan Kauflin Music","2"
"623","Matthew Merker Music","2"
"624","Simply Global Songs","72"
"625","CityAlight Music","4"
"626","Watershed Worship Publishing","90"
"627","Richmond Park Publishing","72"
"629","West Coast Worship","4"
"630","Only in You Publishing","4"
"631","The Worship Society","4"
"632","Da Bears Da Bears Da Bears Music","4"
"633","Jerry Shipp",""
"635","Mel Witcher",""
"636","Michael Morgan",""
"637","Barbara Lister Williams","2"
"638","Brenda L. Vann","2"
"639","Martha J. Lister","2"
"640","Glover Shipp",""
"641","Ruth Ann Somervell",""
"642","Barry Frambes",""
"643","Raucous Ruckus Publishing","4"
"644","Sarah McMillan Designee",""
"645","Christian Music Resources","92"
"646","Matt Boswell Designee",""
"647","Matt Papa Designee",""
"648","Mouth of the River Music","57"
"649","Simply Hymns Publishing",""
"650","Inot Music","4"
"651","As It Is","67"
"652","Curb Congregation Songs","67"
"653","Dreaming in Color Publishing","67"
"654","Face's Launching Pad Publishing","4"
"655","The Heat Factor Music Publishing",""
"656","Son of the Lion","4"
"657","Jakedog Music","2"
"658","Junkbox Music",""
"659","Seven Summits Music",""
"660","Don Mac Music",""
"661","Glen Burleigh Music Workshop & Ministry",""
"662","New Hope Road Music",""
"663","Tent Peg Music",""
"664","The Emerging Sound Publishing",""
"665","Randy Daw",""
"666","Russell D. Scott",""
"667","Michael E. Showalter",""
"668","Katelyn Horn",""
"669","Kathy Thompson",""
"670","Kathleen Kirkland-Kanewske",""
"671","Ben Witherington III",""
"672","Jack Boyd",""
"673","Jeff Matteson",""
"674","Felix Kneuper",""
"675","Martha Pounders Walker",""
"676","Mark Hamilton",""
"677","Jeremy Daw",""
"678","M. Todd Hall",""
"679","Ashley Gay",""
"680","Rachel McInturff",""
"681","Matt Roberson",""
"682","Chris Stivers",""
"683","Sarah Shipp",""
"684","Sean Pullen",""
"685","Laura K. Collum",""
"686","Rachel Shipp",""
"687","Linda McClurg Gregersen",""
"688","Gina Shipp",""
"689","Michael R. Greene",""
"690","Heath Jones",""
"691","Clyde H. Slimp",""
"692","Glenn Pemberton",""
"693","Scott R. A. Starbuck",""
"694","Matthew K. Porter",""
"695","Paul D. Love",""
"696","Cooper Atkeson",""
"697","Dennis O'Donnell",""
"698","Kilnam Cha",""
"699","Greg Scheer",""
"700","David T. Koyzis",""
"701","Jay Wilkey",""
"702","Carol Crowder Phillips",""
"703","Jon D. Vieker",""
"704","Merle K. Gatewood",""
"705","Laura Horton Hamm",""
"706","Barbara Jane Little",""
"707","Julianne Grace Brown",""
"708","Kevin Schaffer",""
"709","Christiana Worley Peterson",""
"710","Michael Tackett",""
"711","Gary L. Mabry",""
"712","Jeanette Tackett",""
