"CopyrightAdministratorID","CopyrightAdministratorName","AddressLine1","AddressLine2","City","State","ZIPCode","EmailAddress","PhoneNumber"
"1","The Copyright Company","P.O. Box 128139","","Nashville","TN","37212","tcc@thecopyrightco.com","(615) 244-9850"
"2","Music Services","5409 Maryland Way","Suite 200","Brentwood","TN","37027","licensing@musicservices.org","(615) 371-1320"
"3","Hallal Music","P.O. Box 80723","","Midland","TX","79708","","(432) 218-9155"
"4","Capitol CMG Publishing","P.O. Box 5084","","Brentwood","TN","37024","","(615) 371-4300"
"5","Sacred Selections","112 North Shore Dr.","","Kendallville","IN","46755","info@asacredselections.com","(866) 347-3758"
"6","Resource Christian Music","K I Entertainment, Unit 31","317 - 321 Woodpark Rd.","Smithfield","NSW","2164","info@resource.com.au","+61 (0) 2 9604 3600"
"7","Hope Publishing Company","380 South Main Place","","Carol Stream","IL","60188","hope@hopepublishing.com","(630) 665-3200"
"8","Universal Music Corp.","","","","","","",""
"9","Kay Chance","","","","","","",""
"10","Howard Books","216 Centerview Drive","Suite 303","Brentwood","TN","37027","howardrights@simonandschuster.com",""
"11","Sovereign Grace Music","","","","","","",""
"12","PraiseCharts Publishing, Inc.","Suite 123","505-8840 210th Street","Langley","BC","V1M 2Y2  Canada","copyright@praisecharts.com","(800) 695-6293"
"13","Leon B. Sanderson","","","","","","",""
"14","Lorenz Corporation","Box 802","","Dayton","OH","45401","copyright@lorenz.com","(937) 223-2042"
"15","ClearBox Rights, LLC","P.O. Box 1547","","Brentwood","TN","37024","license@clearboxrights.com","(615) 630-7500"
"17","Copy Cat Music Licensing, LLC","3730 Mormon Coulee Road","","La Crosse","WI","54601","","(608) 788-1630"
"18","Gaither Copyright Management","P.O. Box 737","","Alexandria","IN","46001","jstockwell@gaithermusic.com","(765) 724-8233"
"19","Integrated Copyright Group","P.O. Box 24149","","Nashville","TN","37202","license@icgcopyright.com",""
"20","Fred Bock Music Company","P.O. Box 570567","","Tarzana","CA","91357","info@fredbock.com","(818) 996-6181"
"21","Tommy Wheeler","","","","","","",""
"22","Owen Perry","","","","","","",""
"23","The Loving Company","7051 Hwy 70 South, PMB-188","","Nashville","TN","37221","",""
"24","Buckhorn Music Publishing, Inc.","P.O. Box 120547","","Nashville","TN","37212","jwilkin@mac.com","(615) 327-4590"
"26","John W. Peterson Music Company","6501 E. Greenway Parkway","Suite 103-435","Scottsdale","AZ","85254","info@johnwpetersonmusic.com","(480) 483-3306"
"27","Srose Publishing Company","P.O. Box 2821","","Southfield","MI","48037","srosepub@hotmail.com","(248) 208-7073"
"28","David Allen Stathopulo","1031 Cardigan Loop NW","","Olympia","WA","98502","",""
"29","Vineyard Worship","","","","","","publishing-info@vineyardmusic.com","(714) 769-9076"
"30","Fairhill Music, Inc.","","","","","","",""
"31","Alfred Music Publishing","P. O. Box 10003","","Van Nuys","CA","91410","permissions@alfred.com","(818) 892-2452"
"32","G. Schirmer, Inc.","1247 6th Street","","Los Angeles","CA","90401","mechanical.licensing@musicsales.com","(310) 393-9900"
"33","Priesthood Publications","","","","","","",""
"34","Studio in the Oaks","","","","","","",""
"35","Zukoski Publishing Group","","","","","","",""
"36","SpiritSound Music Group","Church of God Music Ministries","P. O. Box 2430","Cleveland","TN","37320","","(423) 478-7784"
"37","Gospel Advocate Publishing Company","","","","","","",""
"38","World Library Publications","Attn: Customer Care","3708 River Rd., Suite 400","Franklin Park","IL","60131","wlpcs@jspaluch.com","1-800-566-6150"
"39","Augsburg Fortress","Attn: Permissions","Box 1209","Minneapolis","MN","55440","copyright@augsburgfortress.com","1-800-421-0239"
"40","GIA Publications, Inc.","7404 South Mason Avenue","","Chicago","IL","60638","reprints@giamusic.com","1-800-GIA-1358"
"42","PRS for Music","","","","","","",""
"43","OCP Publications","5536 NE Hassalo","","Portland","OR","97213","liturgy@ocp.org","1-877-596-1653"
"44","Transcontinental Music","URJ Books & Music","633 3rd Ave., 7th Floor","New York","NY","10017","press@urj.org","(212) 650-4120"
"45","Blood Smith Music","","","","","","",""
"46","Song Solutions Daybreak","","","","","","info@songsolutions.org","01825 748893"
"47","peermusic","","","","","","",""
"48","fearless4you music","","","","","","",""
"49","Austin Christian Acappella Music","","","","","","",""
"50","Majesty Music","","","","","","","1-800-334-1071"
"51","Music Copyright Consultant Group","245 East 124th St.","Suite 7K","New York","NY","10035","mccg@aol.com","(212) 473-6702"
"52","Sony/ATV Songs","","","","","","",""
"53","Lori Kelly Rights & Licenses","","","","","","",""
"54","LCS Music Group","","","","","","",""
"55","Choristers Guild","","","","","","",""
"56","The Music Resource","","","","","","",""
"57","Bethel Music Publishing","5090 Caterpillar Rd","","Redding","CA","96003","","(530) 351-7561"
"58","Tent Creative Group","","","","","","",""
"59","SESAC","55 Music Square East","","Nashville","TN","37203","","(615) 320-0055"
"60","Amplified Administration","","","","","","",""
"61","Words & Music Administration","P.O. Box 120667","","Nashville","TN","37212","licensing@wordsandmusicadmin.com","(615) 386-3102"
"62","Word Music","25 Music Square","","Nashville","TN","37203","","(615) 687-6780"
"63","Meis Music Group","","","","","","",""
"64","Fun Attic Music","Suite 109","1710 General George Patton","Brentwood","TN","37027","pjpub@bellsouth.net","(615) 661-4748 ext. 15"
"65","Wixen Music Publishing","24025 Park Sorrento","Suite 130","Calabasas","CA","91302","licensing@wixenmusic.com","(818) 591-7355"
"66","Moon & Musky Music","","","","","","",""
"67","Curb Music Publishing","","","","","","",""
"68","Cherry River Music Company","","","","","","",""
"69","Digital Juice Publishing","","","","","","",""
"70","Metro One, Inc.","","","","","","",""
"71","Disney Music Publishing","","","","","","musicpublishing@disney.com",""
"72","Essential Music Publishing","","","","","","",""
"73","Music & Media International","18007 Sky Park Circle","Suite E2","Irvine","CA","92614","jmassa@musicmediaintl.com","(714) 626-0777"
"74","BMG Chrysalis","","","","","","",""
"75","Oregon Catholic Press","5536 NE Hassalo","","Portland","OR","97213","liturgy@ocp.org","1-800-548-8749"
"76","SCM Hänssler","","","","","","beyer@scm-verlag.de",""
"77","New Jerusalem Music","","","","","","info@newjerusalemmusic.com","1-856-423-8844"
"78","Taylor Publications","20171 Hilltop Ranch Dr.","","Montgomery","TX","77316","","1-800-995-2802"
"79","MTIshows.com","421 W. 54th Street","2nd Fl.","New York","NY","10019","","(212) 541-4684"
"80","Warner Music Group","","","","","","onlinelicensing@wmg.com",""
"81","Veracity Entertainment","7302 Par Four Way","","Lithonia","GA","30038","Info@Veracityentertainment.com","(770) 905-5038"
"82","Faith Alive Christian Resources","1700 28th St SE","","Grand Rapids","MI","49508","permissions@faithaliveresources.org","1-800-333-8300"
"83","ole","120 Bremner Blvd., Suite 2900","T","Toronto","ON","M5J 0A8","majorlyindie@olemm.com","(416) 850-1163"
"84","ARKYARD Music Services","P.O. Box 3340","","Littlehampton, West Sussex","","BN16 9FP","info@arkyard.com",""
"85","Atlas Music Publishing","","","","","","info@atlasmusicgroup.com","1 (646) 502-5170"
"86","Black River Entertainment","","","","","","info@blackriverent.com","(615) 780-3070"
"87","Group Publishing","1515 Cascade Ave.","","Loveland","CO","80538","info@group.com","1-800-447-1070"
"88","Active Music Publishing","","","","","","",""
"90","Watershed Music Group","","","","","","",""
"91","Cat Claw Music Press","Box 1538","","Abilene","TX","79604","catclawmusic@gmail.com","(325) 660-0799"
"92","Christian Music Resources","P.O. Box 128","","Nolensville","TN","37135","",""
"93","E. C. Schirmer Publishing Group","1727 Larkin Williams Rd.","","St. Louis","MO","63026","customerservice@canticledistributing.com","1-800-647-2117"
"94","The Pilgrim Press","","","","","","",""
"95","The Evangelical Covenant Church","8303 West Higgins Road","","Chicago","IL","60631","Reception@covchurch.org","(773) 784-3000"
