"SongbookVolumeID","SongbookVolume"
"1","Look to the Hills"
"2","Main Songbook"
"3","Supplement"
"4","In This Place"
"5","The Heart of Worship"
"6","Deep Calls to Deep"
"7","A Consuming Fire"
"8","Ancient Future"
"9","In Christ Alone"
"10","Closer"
"11","Overflow"
"12","Fearless"
"13","Inside Out"
"14","Faithful"
"15","1"
"16","2"
"17","3"
"18","4"
"19","5"
"20","6"
"21","7"
"22","8"
"23","9"
"24","10"
"25","11"
"26","Desperate"
"27","Our God Reigns"
"28","Loved"
"29","Righteous God"
"30","Almighty"
"31","Majesty"
"32","Glory"
"33","Worthy"
"34","Richly Blest"
"35","Sacrifice"
"36","Mercy"
"37","Savior"
"38","My Redeemer"
"39","Amazed"
"40","Freedom"
"41","More than Thunder"
"42","Immeasurable"
"43","You Are Good"
"44","Highest Hope"
"45","At the Cross"
"46","Arise"
"47","Kingdom Come"
"48","Glorious God"
"49","Awesome God"
"50","Only God"
"51","Reigning God"
"52","Mighty God"
"53","Everlasting God"
"54","Stand"
"55","Exalted God"
"56","12"
"57","Faithful God"
"58","Beautiful God"
"59","Resurrecting God"
"60","13"
"61","I Am"
"62","Ever + Almighty"
"64","Worthy God"
"66","Proclamation of His Ways"
"67","Prayer for His Will"
