"SongbookID","SongbookName","SongbookAbbreviation","IncludeInSearch"
"1","Songs of Faith and Praise","SFP","Y"
"2","Songs of the Church","SC","Y"
"3","Great Songs of the Church Number Two","GSC2","Y"
"4","Sacred Selections for the Church","SSC","Y"
"5","Cantos Espirituales","CE","Y"
"6","Praise for the Lord","PL","Y"
"8","Cantos del Camino","CC","Y"
"9","Christian Hymns III","CH3","Y"
"10","ZOE Group","Zoe","Y"
"12","The Paperless Hymnal","TPH","Y"
"14","Praise & Harmony","P&H","Y"
"15","Hallal Music","Hallal","Y"
"17","Praise Hymnal","PH","Y"
"18","Taizé","Taizé","Y"
"19","Timeless: Ancient Psalms for the Church Today","Timeless","Y"
"20","Psalom","Psalom","Y"
"21","Psalms, Hymns, and Spiritual Songs","PHSS","Y"
