"TopicID","TopicName"
"1","Christmas"
"2","Nation"
"4","Lord's Supper"
"5","Prayer"
"6","Fellowship"
"7","Bible"
"8","Heaven"
"9","Wedding"
"10","Mission"
"11","Invitation"
"12","Crucifixion"
"13","Resurrection"
"14","Service"
"15","Repentance"
"16","Submission"
"17","Lament"
"18","Spiritual Warfare"
"19","Children"
"20","Holy Spirit"
"21","Name of God"
"22","Birth of Jesus"
"23","Aging"
"24","Assembly"
"25","Assurance"
"26","Baptism"
"27","Trust"
"28","Call to Worship"
"29","Christlikeness"
"30","Church"
"31","Creation"
"32","Death"
"33","Evening/Night"
"34","Dependence"
"35","Faith"
"36","Family"
"37","Grace"
"38","Hope"
"39","Journey"
"40","Joy"
"41","Judgment"
"42","Guidance"
"43","Love for God"
"44","Morning"
"45","Offering"
"46","Peace"
"47","Praise for God"
"48","Praise for Christ"
"49","Presence of God"
"50","Reign of God"
"51","Renewal"
"52","Rest"
"53","Scripture Quotation"
"54","Scripture Paraphrase"
"55","Scripture Story"
"56","Second Coming"
"57","Testimony"
"58","Thanks"
"59","Love for Christ"
"60","Love of God"
"61","Love of Christ"
"62","Life of Jesus"
"64","Salvation"
"65","Holiness"
"66","Forgiveness"
"67","Contentment"
"68","Music"
"69","Dedication"
"70","Comfort"
"71","Shelter"
